date,periodname,PW,Under_5yrs,Above_5yrs,Total_incidence_cases,LGA,date_alignment,total_check
2021-01-01,0,0,17,38,55,Aba North,Direct monthly mapping: Jan 2021--Apr 2026,True
2021-02-01,0,41,20,24,85,Aba North,Direct monthly mapping: Jan 2021--Apr 2026,True
2021-03-01,0,162,53,101,316,Aba North,Direct monthly mapping: Jan 2021--Apr 2026,True
2021-04-01,0,175,77,132,384,Aba North,Direct monthly mapping: Jan 2021--Apr 2026,True
2021-05-01,0,66,42,37,145,Aba North,Direct monthly mapping: Jan 2021--Apr 2026,True
2021-06-01,0,59,62,47,168,Aba North,Direct monthly mapping: Jan 2021--Apr 2026,True
2021-07-01,0,113,51,42,206,Aba North,Direct monthly mapping: Jan 2021--Apr 2026,True
2021-08-01,0,107,53,68,228,Aba North,Direct monthly mapping: Jan 2021--Apr 2026,True
2021-09-01,0,63,15,42,120,Aba North,Direct monthly mapping: Jan 2021--Apr 2026,True
2021-10-01,0,99,31,35,165,Aba North,Direct monthly mapping: Jan 2021--Apr 2026,True
2021-11-01,0,111,39,71,221,Aba North,Direct monthly mapping: Jan 2021--Apr 2026,True
2021-12-01,0,151,66,122,339,Aba North,Direct monthly mapping: Jan 2021--Apr 2026,True
2022-01-01,0,75,20,47,142,Aba North,Direct monthly mapping: Jan 2021--Apr 2026,True
2022-02-01,0,83,41,60,184,Aba North,Direct monthly mapping: Jan 2021--Apr 2026,True
2022-03-01,0,203,65,142,410,Aba North,Direct monthly mapping: Jan 2021--Apr 2026,True
2022-04-01,0,46,39,29,114,Aba North,Direct monthly mapping: Jan 2021--Apr 2026,True
2022-05-01,0,90,39,50,179,Aba North,Direct monthly mapping: Jan 2021--Apr 2026,True
2022-06-01,0,67,40,42,149,Aba North,Direct monthly mapping: Jan 2021--Apr 2026,True
2022-07-01,0,107,33,77,217,Aba North,Direct monthly mapping: Jan 2021--Apr 2026,True
2022-08-01,0,92,25,63,180,Aba North,Direct monthly mapping: Jan 2021--Apr 2026,True
2022-09-01,0,69,47,37,153,Aba North,Direct monthly mapping: Jan 2021--Apr 2026,True
2022-10-01,0,112,56,69,237,Aba North,Direct monthly mapping: Jan 2021--Apr 2026,True
2022-11-01,0,269,123,161,553,Aba North,Direct monthly mapping: Jan 2021--Apr 2026,True
2022-12-01,0,111,84,71,266,Aba North,Direct monthly mapping: Jan 2021--Apr 2026,True
2023-01-01,0,217,68,140,425,Aba North,Direct monthly mapping: Jan 2021--Apr 2026,True
2023-02-01,0,111,62,75,248,Aba North,Direct monthly mapping: Jan 2021--Apr 2026,True
2023-03-01,0,133,65,84,282,Aba North,Direct monthly mapping: Jan 2021--Apr 2026,True
2023-04-01,0,145,66,90,301,Aba North,Direct monthly mapping: Jan 2021--Apr 2026,True
2023-05-01,0,59,21,50,130,Aba North,Direct monthly mapping: Jan 2021--Apr 2026,True
2023-06-01,0,177,55,131,363,Aba North,Direct monthly mapping: Jan 2021--Apr 2026,True
2023-07-01,0,181,68,121,370,Aba North,Direct monthly mapping: Jan 2021--Apr 2026,True
2023-08-01,0,44,31,22,97,Aba North,Direct monthly mapping: Jan 2021--Apr 2026,True
2023-09-01,0,121,61,67,249,Aba North,Direct monthly mapping: Jan 2021--Apr 2026,True
2023-10-01,0,217,51,120,388,Aba North,Direct monthly mapping: Jan 2021--Apr 2026,True
2023-11-01,0,178,112,101,391,Aba North,Direct monthly mapping: Jan 2021--Apr 2026,True
2023-12-01,0,163,36,90,289,Aba North,Direct monthly mapping: Jan 2021--Apr 2026,True
2024-01-01,0,211,73,139,423,Aba North,Direct monthly mapping: Jan 2021--Apr 2026,True
2024-02-01,0,126,48,72,246,Aba North,Direct monthly mapping: Jan 2021--Apr 2026,True
2024-03-01,0,144,59,97,300,Aba North,Direct monthly mapping: Jan 2021--Apr 2026,True
2024-04-01,0,157,47,79,283,Aba North,Direct monthly mapping: Jan 2021--Apr 2026,True
2024-05-01,0,233,78,111,422,Aba North,Direct monthly mapping: Jan 2021--Apr 2026,True
2024-06-01,0,171,92,118,381,Aba North,Direct monthly mapping: Jan 2021--Apr 2026,True
2024-07-01,0,252,105,155,512,Aba North,Direct monthly mapping: Jan 2021--Apr 2026,True
2024-08-01,0,313,117,237,667,Aba North,Direct monthly mapping: Jan 2021--Apr 2026,True
2024-09-01,0,353,129,210,692,Aba North,Direct monthly mapping: Jan 2021--Apr 2026,True
2024-10-01,0,302,89,243,634,Aba North,Direct monthly mapping: Jan 2021--Apr 2026,True
2024-11-01,0,227,58,173,458,Aba North,Direct monthly mapping: Jan 2021--Apr 2026,True
2024-12-01,0,250,62,184,496,Aba North,Direct monthly mapping: Jan 2021--Apr 2026,True
2025-01-01,0,410,121,372,903,Aba North,Direct monthly mapping: Jan 2021--Apr 2026,True
2025-02-01,0,526,135,430,1091,Aba North,Direct monthly mapping: Jan 2021--Apr 2026,True
2025-03-01,0,504,134,387,1025,Aba North,Direct monthly mapping: Jan 2021--Apr 2026,True
2025-04-01,0,470,112,404,986,Aba North,Direct monthly mapping: Jan 2021--Apr 2026,True
2025-05-01,0,798,233,720,1751,Aba North,Direct monthly mapping: Jan 2021--Apr 2026,True
2025-06-01,0,1422,472,1185,3079,Aba North,Direct monthly mapping: Jan 2021--Apr 2026,True
2025-07-01,0,1326,551,1167,3044,Aba North,Direct monthly mapping: Jan 2021--Apr 2026,True
2025-08-01,0,1877,806,1714,4397,Aba North,Direct monthly mapping: Jan 2021--Apr 2026,True
2025-09-01,0,1955,737,1706,4398,Aba North,Direct monthly mapping: Jan 2021--Apr 2026,True
2025-10-01,0,1657,588,1365,3610,Aba North,Direct monthly mapping: Jan 2021--Apr 2026,True
2025-11-01,0,1426,437,1253,3116,Aba North,Direct monthly mapping: Jan 2021--Apr 2026,True
2025-12-01,0,2347,694,2114,5155,Aba North,Direct monthly mapping: Jan 2021--Apr 2026,True
2026-01-01,0,1337,375,1048,2760,Aba North,Direct monthly mapping: Jan 2021--Apr 2026,True
2026-02-01,0,1573,413,1331,3317,Aba North,Direct monthly mapping: Jan 2021--Apr 2026,True
2026-03-01,0,1810,476,1499,3785,Aba North,Direct monthly mapping: Jan 2021--Apr 2026,True
2026-04-01,0,1343,504,1193,3040,Aba North,Direct monthly mapping: Jan 2021--Apr 2026,True
2021-01-01,0,97,249,290,636,Aba South,Direct monthly mapping: Jan 2021--Apr 2026,True
2021-02-01,0,421,131,327,879,Aba South,Direct monthly mapping: Jan 2021--Apr 2026,True
2021-03-01,0,605,184,285,1074,Aba South,Direct monthly mapping: Jan 2021--Apr 2026,True
2021-04-01,0,934,407,662,2003,Aba South,Direct monthly mapping: Jan 2021--Apr 2026,True
2021-05-01,0,660,258,434,1352,Aba South,Direct monthly mapping: Jan 2021--Apr 2026,True
2021-06-01,0,1242,345,929,2516,Aba South,Direct monthly mapping: Jan 2021--Apr 2026,True
2021-07-01,0,1148,466,860,2474,Aba South,Direct monthly mapping: Jan 2021--Apr 2026,True
2021-08-01,0,3112,331,2866,6309,Aba South,Direct monthly mapping: Jan 2021--Apr 2026,True
2021-09-01,0,868,264,592,1724,Aba South,Direct monthly mapping: Jan 2021--Apr 2026,True
2021-10-01,0,852,329,568,1749,Aba South,Direct monthly mapping: Jan 2021--Apr 2026,True
2021-11-01,0,995,289,631,1915,Aba South,Direct monthly mapping: Jan 2021--Apr 2026,True
2021-12-01,0,461,203,254,918,Aba South,Direct monthly mapping: Jan 2021--Apr 2026,True
2022-01-01,0,395,162,274,831,Aba South,Direct monthly mapping: Jan 2021--Apr 2026,True
2022-02-01,0,413,252,329,994,Aba South,Direct monthly mapping: Jan 2021--Apr 2026,True
2022-03-01,0,561,246,356,1163,Aba South,Direct monthly mapping: Jan 2021--Apr 2026,True
2022-04-01,0,555,203,348,1106,Aba South,Direct monthly mapping: Jan 2021--Apr 2026,True
2022-05-01,0,762,237,503,1502,Aba South,Direct monthly mapping: Jan 2021--Apr 2026,True
2022-06-01,0,703,278,481,1462,Aba South,Direct monthly mapping: Jan 2021--Apr 2026,True
2022-07-01,0,621,281,448,1350,Aba South,Direct monthly mapping: Jan 2021--Apr 2026,True
2022-08-01,0,712,247,465,1424,Aba South,Direct monthly mapping: Jan 2021--Apr 2026,True
2022-09-01,0,723,255,439,1417,Aba South,Direct monthly mapping: Jan 2021--Apr 2026,True
2022-10-01,0,897,276,593,1766,Aba South,Direct monthly mapping: Jan 2021--Apr 2026,True
2022-11-01,0,932,411,492,1835,Aba South,Direct monthly mapping: Jan 2021--Apr 2026,True
2022-12-01,0,688,235,490,1413,Aba South,Direct monthly mapping: Jan 2021--Apr 2026,True
2023-01-01,0,847,248,597,1692,Aba South,Direct monthly mapping: Jan 2021--Apr 2026,True
2023-02-01,0,555,186,334,1075,Aba South,Direct monthly mapping: Jan 2021--Apr 2026,True
2023-03-01,0,764,228,511,1503,Aba South,Direct monthly mapping: Jan 2021--Apr 2026,True
2023-04-01,0,616,241,424,1281,Aba South,Direct monthly mapping: Jan 2021--Apr 2026,True
2023-05-01,0,916,288,657,1861,Aba South,Direct monthly mapping: Jan 2021--Apr 2026,True
2023-06-01,0,810,348,524,1682,Aba South,Direct monthly mapping: Jan 2021--Apr 2026,True
2023-07-01,0,741,240,567,1548,Aba South,Direct monthly mapping: Jan 2021--Apr 2026,True
2023-08-01,0,934,487,733,2154,Aba South,Direct monthly mapping: Jan 2021--Apr 2026,True
2023-09-01,0,794,304,568,1666,Aba South,Direct monthly mapping: Jan 2021--Apr 2026,True
2023-10-01,0,1001,405,741,2147,Aba South,Direct monthly mapping: Jan 2021--Apr 2026,True
2023-11-01,0,955,452,675,2082,Aba South,Direct monthly mapping: Jan 2021--Apr 2026,True
2023-12-01,0,881,361,639,1881,Aba South,Direct monthly mapping: Jan 2021--Apr 2026,True
2024-01-01,0,1140,405,840,2385,Aba South,Direct monthly mapping: Jan 2021--Apr 2026,True
2024-02-01,0,939,554,694,2187,Aba South,Direct monthly mapping: Jan 2021--Apr 2026,True
2024-03-01,0,670,417,439,1526,Aba South,Direct monthly mapping: Jan 2021--Apr 2026,True
2024-04-01,0,793,445,540,1778,Aba South,Direct monthly mapping: Jan 2021--Apr 2026,True
2024-05-01,0,989,327,803,2119,Aba South,Direct monthly mapping: Jan 2021--Apr 2026,True
2024-06-01,0,759,396,540,1695,Aba South,Direct monthly mapping: Jan 2021--Apr 2026,True
2024-07-01,0,775,317,547,1639,Aba South,Direct monthly mapping: Jan 2021--Apr 2026,True
2024-08-01,0,719,219,495,1433,Aba South,Direct monthly mapping: Jan 2021--Apr 2026,True
2024-09-01,0,607,279,448,1334,Aba South,Direct monthly mapping: Jan 2021--Apr 2026,True
2024-10-01,0,975,299,732,2006,Aba South,Direct monthly mapping: Jan 2021--Apr 2026,True
2024-11-01,0,923,336,689,1948,Aba South,Direct monthly mapping: Jan 2021--Apr 2026,True
2024-12-01,0,950,389,733,2072,Aba South,Direct monthly mapping: Jan 2021--Apr 2026,True
2025-01-01,0,1214,385,909,2508,Aba South,Direct monthly mapping: Jan 2021--Apr 2026,True
2025-02-01,0,1374,591,1093,3058,Aba South,Direct monthly mapping: Jan 2021--Apr 2026,True
2025-03-01,0,1293,522,967,2782,Aba South,Direct monthly mapping: Jan 2021--Apr 2026,True
2025-04-01,0,1411,558,1086,3055,Aba South,Direct monthly mapping: Jan 2021--Apr 2026,True
2025-05-01,0,1481,585,1142,3208,Aba South,Direct monthly mapping: Jan 2021--Apr 2026,True
2025-06-01,0,2209,740,1797,4746,Aba South,Direct monthly mapping: Jan 2021--Apr 2026,True
2025-07-01,0,1599,568,1300,3467,Aba South,Direct monthly mapping: Jan 2021--Apr 2026,True
2025-08-01,0,2650,999,2196,5845,Aba South,Direct monthly mapping: Jan 2021--Apr 2026,True
2025-09-01,0,1784,944,1493,4221,Aba South,Direct monthly mapping: Jan 2021--Apr 2026,True
2025-10-01,0,1861,599,1517,3977,Aba South,Direct monthly mapping: Jan 2021--Apr 2026,True
2025-11-01,0,1452,525,1186,3163,Aba South,Direct monthly mapping: Jan 2021--Apr 2026,True
2025-12-01,0,2201,769,1918,4888,Aba South,Direct monthly mapping: Jan 2021--Apr 2026,True
2026-01-01,0,1340,550,1037,2927,Aba South,Direct monthly mapping: Jan 2021--Apr 2026,True
2026-02-01,0,1583,663,1303,3549,Aba South,Direct monthly mapping: Jan 2021--Apr 2026,True
2026-03-01,0,1832,623,1563,4018,Aba South,Direct monthly mapping: Jan 2021--Apr 2026,True
2026-04-01,0,1705,634,1401,3740,Aba South,Direct monthly mapping: Jan 2021--Apr 2026,True
2021-01-01,0,0,12,27,39,Arochukwu,Direct monthly mapping: Jan 2021--Apr 2026,True
2021-02-01,0,20,16,19,55,Arochukwu,Direct monthly mapping: Jan 2021--Apr 2026,True
2021-03-01,0,25,8,15,48,Arochukwu,Direct monthly mapping: Jan 2021--Apr 2026,True
2021-04-01,0,17,15,17,49,Arochukwu,Direct monthly mapping: Jan 2021--Apr 2026,True
2021-05-01,0,39,12,35,86,Arochukwu,Direct monthly mapping: Jan 2021--Apr 2026,True
2021-06-01,0,32,10,27,69,Arochukwu,Direct monthly mapping: Jan 2021--Apr 2026,True
2021-07-01,0,26,10,21,57,Arochukwu,Direct monthly mapping: Jan 2021--Apr 2026,True
2021-08-01,0,33,23,30,86,Arochukwu,Direct monthly mapping: Jan 2021--Apr 2026,True
2021-09-01,0,57,16,54,127,Arochukwu,Direct monthly mapping: Jan 2021--Apr 2026,True
2021-10-01,0,18,15,14,47,Arochukwu,Direct monthly mapping: Jan 2021--Apr 2026,True
2021-11-01,0,35,6,33,74,Arochukwu,Direct monthly mapping: Jan 2021--Apr 2026,True
2021-12-01,0,36,7,32,75,Arochukwu,Direct monthly mapping: Jan 2021--Apr 2026,True
2022-01-01,0,21,6,11,38,Arochukwu,Direct monthly mapping: Jan 2021--Apr 2026,True
2022-02-01,0,22,9,20,51,Arochukwu,Direct monthly mapping: Jan 2021--Apr 2026,True
2022-03-01,0,25,17,18,60,Arochukwu,Direct monthly mapping: Jan 2021--Apr 2026,True
2022-04-01,0,21,11,20,52,Arochukwu,Direct monthly mapping: Jan 2021--Apr 2026,True
2022-05-01,0,32,6,24,62,Arochukwu,Direct monthly mapping: Jan 2021--Apr 2026,True
2022-06-01,0,20,5,17,42,Arochukwu,Direct monthly mapping: Jan 2021--Apr 2026,True
2022-07-01,0,44,17,39,100,Arochukwu,Direct monthly mapping: Jan 2021--Apr 2026,True
2022-08-01,0,23,10,21,54,Arochukwu,Direct monthly mapping: Jan 2021--Apr 2026,True
2022-09-01,0,31,10,29,70,Arochukwu,Direct monthly mapping: Jan 2021--Apr 2026,True
2022-10-01,0,48,5,46,99,Arochukwu,Direct monthly mapping: Jan 2021--Apr 2026,True
2022-11-01,0,15,6,12,33,Arochukwu,Direct monthly mapping: Jan 2021--Apr 2026,True
2022-12-01,0,29,11,27,67,Arochukwu,Direct monthly mapping: Jan 2021--Apr 2026,True
2023-01-01,0,22,5,20,47,Arochukwu,Direct monthly mapping: Jan 2021--Apr 2026,True
2023-02-01,0,9,1,7,17,Arochukwu,Direct monthly mapping: Jan 2021--Apr 2026,True
2023-03-01,0,9,1,9,19,Arochukwu,Direct monthly mapping: Jan 2021--Apr 2026,True
2023-04-01,0,11,2,11,24,Arochukwu,Direct monthly mapping: Jan 2021--Apr 2026,True
2023-05-01,0,0,0,0,0,Arochukwu,Direct monthly mapping: Jan 2021--Apr 2026,True
2023-06-01,0,34,6,33,73,Arochukwu,Direct monthly mapping: Jan 2021--Apr 2026,True
2023-07-01,0,16,8,14,38,Arochukwu,Direct monthly mapping: Jan 2021--Apr 2026,True
2023-08-01,0,77,9,73,159,Arochukwu,Direct monthly mapping: Jan 2021--Apr 2026,True
2023-09-01,0,34,9,34,77,Arochukwu,Direct monthly mapping: Jan 2021--Apr 2026,True
2023-10-01,0,15,9,14,38,Arochukwu,Direct monthly mapping: Jan 2021--Apr 2026,True
2023-11-01,0,50,15,40,105,Arochukwu,Direct monthly mapping: Jan 2021--Apr 2026,True
2023-12-01,0,34,25,33,92,Arochukwu,Direct monthly mapping: Jan 2021--Apr 2026,True
2024-01-01,0,93,46,93,232,Arochukwu,Direct monthly mapping: Jan 2021--Apr 2026,True
2024-02-01,0,99,43,99,241,Arochukwu,Direct monthly mapping: Jan 2021--Apr 2026,True
2024-03-01,0,115,35,99,249,Arochukwu,Direct monthly mapping: Jan 2021--Apr 2026,True
2024-04-01,0,135,33,116,284,Arochukwu,Direct monthly mapping: Jan 2021--Apr 2026,True
2024-05-01,0,158,43,139,340,Arochukwu,Direct monthly mapping: Jan 2021--Apr 2026,True
2024-06-01,0,175,57,154,386,Arochukwu,Direct monthly mapping: Jan 2021--Apr 2026,True
2024-07-01,0,199,52,178,429,Arochukwu,Direct monthly mapping: Jan 2021--Apr 2026,True
2024-08-01,0,273,64,234,571,Arochukwu,Direct monthly mapping: Jan 2021--Apr 2026,True
2024-09-01,0,808,139,761,1708,Arochukwu,Direct monthly mapping: Jan 2021--Apr 2026,True
2024-10-01,0,813,131,776,1720,Arochukwu,Direct monthly mapping: Jan 2021--Apr 2026,True
2024-11-01,0,959,193,921,2073,Arochukwu,Direct monthly mapping: Jan 2021--Apr 2026,True
2024-12-01,0,1004,137,910,2051,Arochukwu,Direct monthly mapping: Jan 2021--Apr 2026,True
2025-01-01,0,717,120,660,1497,Arochukwu,Direct monthly mapping: Jan 2021--Apr 2026,True
2025-02-01,0,628,100,575,1303,Arochukwu,Direct monthly mapping: Jan 2021--Apr 2026,True
2025-03-01,0,444,70,404,918,Arochukwu,Direct monthly mapping: Jan 2021--Apr 2026,True
2025-04-01,0,1325,149,1274,2748,Arochukwu,Direct monthly mapping: Jan 2021--Apr 2026,True
2025-05-01,0,2005,295,1949,4249,Arochukwu,Direct monthly mapping: Jan 2021--Apr 2026,True
2025-06-01,0,9486,1187,9366,20039,Arochukwu,Direct monthly mapping: Jan 2021--Apr 2026,True
2025-07-01,0,5405,808,5267,11480,Arochukwu,Direct monthly mapping: Jan 2021--Apr 2026,True
2025-08-01,0,8612,1718,8433,18763,Arochukwu,Direct monthly mapping: Jan 2021--Apr 2026,True
2025-09-01,0,5715,1110,5595,12420,Arochukwu,Direct monthly mapping: Jan 2021--Apr 2026,True
2025-10-01,0,5572,1095,5432,12099,Arochukwu,Direct monthly mapping: Jan 2021--Apr 2026,True
2025-11-01,0,5659,805,5489,11953,Arochukwu,Direct monthly mapping: Jan 2021--Apr 2026,True
2025-12-01,0,3887,775,3803,8465,Arochukwu,Direct monthly mapping: Jan 2021--Apr 2026,True
2026-01-01,0,3771,1054,3666,8491,Arochukwu,Direct monthly mapping: Jan 2021--Apr 2026,True
2026-02-01,0,3284,866,3088,7238,Arochukwu,Direct monthly mapping: Jan 2021--Apr 2026,True
2026-03-01,0,4286,574,4194,9054,Arochukwu,Direct monthly mapping: Jan 2021--Apr 2026,True
2026-04-01,0,3711,591,3564,7866,Arochukwu,Direct monthly mapping: Jan 2021--Apr 2026,True
2021-01-01,0,0,22,41,63,Bende,Direct monthly mapping: Jan 2021--Apr 2026,True
2021-02-01,0,81,35,73,189,Bende,Direct monthly mapping: Jan 2021--Apr 2026,True
2021-03-01,0,120,70,118,308,Bende,Direct monthly mapping: Jan 2021--Apr 2026,True
2021-04-01,0,129,95,115,339,Bende,Direct monthly mapping: Jan 2021--Apr 2026,True
2021-05-01,0,193,87,183,463,Bende,Direct monthly mapping: Jan 2021--Apr 2026,True
2021-06-01,0,145,72,140,357,Bende,Direct monthly mapping: Jan 2021--Apr 2026,True
2021-07-01,0,159,86,154,399,Bende,Direct monthly mapping: Jan 2021--Apr 2026,True
2021-08-01,0,171,74,159,404,Bende,Direct monthly mapping: Jan 2021--Apr 2026,True
2021-09-01,0,159,70,152,381,Bende,Direct monthly mapping: Jan 2021--Apr 2026,True
2021-10-01,0,87,36,77,200,Bende,Direct monthly mapping: Jan 2021--Apr 2026,True
2021-11-01,0,76,63,73,212,Bende,Direct monthly mapping: Jan 2021--Apr 2026,True
2021-12-01,0,147,53,134,334,Bende,Direct monthly mapping: Jan 2021--Apr 2026,True
2022-01-01,0,93,56,92,241,Bende,Direct monthly mapping: Jan 2021--Apr 2026,True
2022-02-01,0,85,46,76,207,Bende,Direct monthly mapping: Jan 2021--Apr 2026,True
2022-03-01,0,66,31,55,152,Bende,Direct monthly mapping: Jan 2021--Apr 2026,True
2022-04-01,0,69,32,60,161,Bende,Direct monthly mapping: Jan 2021--Apr 2026,True
2022-05-01,0,135,164,113,412,Bende,Direct monthly mapping: Jan 2021--Apr 2026,True
2022-06-01,0,137,78,98,313,Bende,Direct monthly mapping: Jan 2021--Apr 2026,True
2022-07-01,0,129,63,111,303,Bende,Direct monthly mapping: Jan 2021--Apr 2026,True
2022-08-01,0,183,123,181,487,Bende,Direct monthly mapping: Jan 2021--Apr 2026,True
2022-09-01,0,159,75,144,378,Bende,Direct monthly mapping: Jan 2021--Apr 2026,True
2022-10-01,0,98,51,79,228,Bende,Direct monthly mapping: Jan 2021--Apr 2026,True
2022-11-01,0,131,42,95,268,Bende,Direct monthly mapping: Jan 2021--Apr 2026,True
2022-12-01,0,131,59,108,298,Bende,Direct monthly mapping: Jan 2021--Apr 2026,True
2023-01-01,0,148,66,125,339,Bende,Direct monthly mapping: Jan 2021--Apr 2026,True
2023-02-01,0,86,49,70,205,Bende,Direct monthly mapping: Jan 2021--Apr 2026,True
2023-03-01,0,71,39,56,166,Bende,Direct monthly mapping: Jan 2021--Apr 2026,True
2023-04-01,0,218,122,205,545,Bende,Direct monthly mapping: Jan 2021--Apr 2026,True
2023-05-01,0,22,13,22,57,Bende,Direct monthly mapping: Jan 2021--Apr 2026,True
2023-06-01,0,137,79,123,339,Bende,Direct monthly mapping: Jan 2021--Apr 2026,True
2023-07-01,0,388,274,378,1040,Bende,Direct monthly mapping: Jan 2021--Apr 2026,True
2023-08-01,0,38,14,34,86,Bende,Direct monthly mapping: Jan 2021--Apr 2026,True
2023-09-01,0,43,31,39,113,Bende,Direct monthly mapping: Jan 2021--Apr 2026,True
2023-10-01,0,46,26,30,102,Bende,Direct monthly mapping: Jan 2021--Apr 2026,True
2023-11-01,0,70,33,52,155,Bende,Direct monthly mapping: Jan 2021--Apr 2026,True
2023-12-01,0,4,0,2,6,Bende,Direct monthly mapping: Jan 2021--Apr 2026,True
2024-01-01,0,190,90,166,446,Bende,Direct monthly mapping: Jan 2021--Apr 2026,True
2024-02-01,0,79,47,60,186,Bende,Direct monthly mapping: Jan 2021--Apr 2026,True
2024-03-01,0,161,92,137,390,Bende,Direct monthly mapping: Jan 2021--Apr 2026,True
2024-04-01,0,323,142,295,760,Bende,Direct monthly mapping: Jan 2021--Apr 2026,True
2024-05-01,0,601,266,549,1416,Bende,Direct monthly mapping: Jan 2021--Apr 2026,True
2024-06-01,0,574,300,521,1395,Bende,Direct monthly mapping: Jan 2021--Apr 2026,True
2024-07-01,0,730,348,687,1765,Bende,Direct monthly mapping: Jan 2021--Apr 2026,True
2024-08-01,0,1153,347,1105,2605,Bende,Direct monthly mapping: Jan 2021--Apr 2026,True
2024-09-01,0,1106,379,1038,2523,Bende,Direct monthly mapping: Jan 2021--Apr 2026,True
2024-10-01,0,1030,285,949,2264,Bende,Direct monthly mapping: Jan 2021--Apr 2026,True
2024-11-01,0,1144,297,1083,2524,Bende,Direct monthly mapping: Jan 2021--Apr 2026,True
2024-12-01,0,1247,277,1200,2724,Bende,Direct monthly mapping: Jan 2021--Apr 2026,True
2025-01-01,0,947,255,885,2087,Bende,Direct monthly mapping: Jan 2021--Apr 2026,True
2025-02-01,0,1081,397,1019,2497,Bende,Direct monthly mapping: Jan 2021--Apr 2026,True
2025-03-01,0,449,147,431,1027,Bende,Direct monthly mapping: Jan 2021--Apr 2026,True
2025-04-01,0,1921,423,1837,4181,Bende,Direct monthly mapping: Jan 2021--Apr 2026,True
2025-05-01,0,1859,411,1767,4037,Bende,Direct monthly mapping: Jan 2021--Apr 2026,True
2025-06-01,0,8199,1489,8012,17700,Bende,Direct monthly mapping: Jan 2021--Apr 2026,True
2025-07-01,0,4288,745,4192,9225,Bende,Direct monthly mapping: Jan 2021--Apr 2026,True
2025-08-01,0,5955,1243,5762,12960,Bende,Direct monthly mapping: Jan 2021--Apr 2026,True
2025-09-01,0,3115,1142,3001,7258,Bende,Direct monthly mapping: Jan 2021--Apr 2026,True
2025-10-01,0,3332,1022,3224,7578,Bende,Direct monthly mapping: Jan 2021--Apr 2026,True
2025-11-01,0,3376,1158,3267,7801,Bende,Direct monthly mapping: Jan 2021--Apr 2026,True
2025-12-01,0,3533,978,3407,7918,Bende,Direct monthly mapping: Jan 2021--Apr 2026,True
2026-01-01,0,2614,865,2521,6000,Bende,Direct monthly mapping: Jan 2021--Apr 2026,True
2026-02-01,0,2604,790,2525,5919,Bende,Direct monthly mapping: Jan 2021--Apr 2026,True
2026-03-01,0,3508,949,3410,7867,Bende,Direct monthly mapping: Jan 2021--Apr 2026,True
2026-04-01,0,2594,795,2525,5914,Bende,Direct monthly mapping: Jan 2021--Apr 2026,True
2021-01-01,0,1,1,1,3,Ikwuano,Direct monthly mapping: Jan 2021--Apr 2026,True
2021-02-01,0,75,18,59,152,Ikwuano,Direct monthly mapping: Jan 2021--Apr 2026,True
2021-03-01,0,81,36,76,193,Ikwuano,Direct monthly mapping: Jan 2021--Apr 2026,True
2021-04-01,0,80,27,66,173,Ikwuano,Direct monthly mapping: Jan 2021--Apr 2026,True
2021-05-01,0,69,23,57,149,Ikwuano,Direct monthly mapping: Jan 2021--Apr 2026,True
2021-06-01,0,48,12,38,98,Ikwuano,Direct monthly mapping: Jan 2021--Apr 2026,True
2021-07-01,0,54,16,46,116,Ikwuano,Direct monthly mapping: Jan 2021--Apr 2026,True
2021-08-01,0,99,57,80,236,Ikwuano,Direct monthly mapping: Jan 2021--Apr 2026,True
2021-09-01,0,100,49,85,234,Ikwuano,Direct monthly mapping: Jan 2021--Apr 2026,True
2021-10-01,0,99,38,73,210,Ikwuano,Direct monthly mapping: Jan 2021--Apr 2026,True
2021-11-01,0,34,18,25,77,Ikwuano,Direct monthly mapping: Jan 2021--Apr 2026,True
2021-12-01,0,12,4,10,26,Ikwuano,Direct monthly mapping: Jan 2021--Apr 2026,True
2022-01-01,0,21,6,14,41,Ikwuano,Direct monthly mapping: Jan 2021--Apr 2026,True
2022-02-01,0,32,11,23,66,Ikwuano,Direct monthly mapping: Jan 2021--Apr 2026,True
2022-03-01,0,44,33,35,112,Ikwuano,Direct monthly mapping: Jan 2021--Apr 2026,True
2022-04-01,0,51,18,44,113,Ikwuano,Direct monthly mapping: Jan 2021--Apr 2026,True
2022-05-01,0,117,55,96,268,Ikwuano,Direct monthly mapping: Jan 2021--Apr 2026,True
2022-06-01,0,102,24,71,197,Ikwuano,Direct monthly mapping: Jan 2021--Apr 2026,True
2022-07-01,0,147,31,122,300,Ikwuano,Direct monthly mapping: Jan 2021--Apr 2026,True
2022-08-01,0,113,22,92,227,Ikwuano,Direct monthly mapping: Jan 2021--Apr 2026,True
2022-09-01,0,119,22,111,252,Ikwuano,Direct monthly mapping: Jan 2021--Apr 2026,True
2022-10-01,0,119,16,110,245,Ikwuano,Direct monthly mapping: Jan 2021--Apr 2026,True
2022-11-01,0,132,34,118,284,Ikwuano,Direct monthly mapping: Jan 2021--Apr 2026,True
2022-12-01,0,111,18,100,229,Ikwuano,Direct monthly mapping: Jan 2021--Apr 2026,True
2023-01-01,0,101,50,76,227,Ikwuano,Direct monthly mapping: Jan 2021--Apr 2026,True
2023-02-01,0,58,30,49,137,Ikwuano,Direct monthly mapping: Jan 2021--Apr 2026,True
2023-03-01,0,33,19,31,83,Ikwuano,Direct monthly mapping: Jan 2021--Apr 2026,True
2023-04-01,0,48,14,43,105,Ikwuano,Direct monthly mapping: Jan 2021--Apr 2026,True
2023-05-01,0,0,0,0,0,Ikwuano,Direct monthly mapping: Jan 2021--Apr 2026,True
2023-06-01,0,133,21,101,255,Ikwuano,Direct monthly mapping: Jan 2021--Apr 2026,True
2023-07-01,0,142,37,115,294,Ikwuano,Direct monthly mapping: Jan 2021--Apr 2026,True
2023-08-01,0,124,51,86,261,Ikwuano,Direct monthly mapping: Jan 2021--Apr 2026,True
2023-09-01,0,130,23,116,269,Ikwuano,Direct monthly mapping: Jan 2021--Apr 2026,True
2023-10-01,0,151,33,138,322,Ikwuano,Direct monthly mapping: Jan 2021--Apr 2026,True
2023-11-01,0,116,36,99,251,Ikwuano,Direct monthly mapping: Jan 2021--Apr 2026,True
2023-12-01,0,115,30,96,241,Ikwuano,Direct monthly mapping: Jan 2021--Apr 2026,True
2024-01-01,0,162,49,128,339,Ikwuano,Direct monthly mapping: Jan 2021--Apr 2026,True
2024-02-01,0,67,23,53,143,Ikwuano,Direct monthly mapping: Jan 2021--Apr 2026,True
2024-03-01,0,110,56,84,250,Ikwuano,Direct monthly mapping: Jan 2021--Apr 2026,True
2024-04-01,0,191,89,159,439,Ikwuano,Direct monthly mapping: Jan 2021--Apr 2026,True
2024-05-01,0,209,63,177,449,Ikwuano,Direct monthly mapping: Jan 2021--Apr 2026,True
2024-06-01,0,497,178,443,1118,Ikwuano,Direct monthly mapping: Jan 2021--Apr 2026,True
2024-07-01,0,715,276,640,1631,Ikwuano,Direct monthly mapping: Jan 2021--Apr 2026,True
2024-08-01,0,859,215,767,1841,Ikwuano,Direct monthly mapping: Jan 2021--Apr 2026,True
2024-09-01,0,1849,303,1748,3900,Ikwuano,Direct monthly mapping: Jan 2021--Apr 2026,True
2024-10-01,0,1463,380,1340,3183,Ikwuano,Direct monthly mapping: Jan 2021--Apr 2026,True
2024-11-01,0,2063,435,1935,4433,Ikwuano,Direct monthly mapping: Jan 2021--Apr 2026,True
2024-12-01,0,2530,714,2353,5597,Ikwuano,Direct monthly mapping: Jan 2021--Apr 2026,True
2025-01-01,0,2035,356,1867,4258,Ikwuano,Direct monthly mapping: Jan 2021--Apr 2026,True
2025-02-01,0,1662,376,1536,3574,Ikwuano,Direct monthly mapping: Jan 2021--Apr 2026,True
2025-03-01,0,737,148,696,1581,Ikwuano,Direct monthly mapping: Jan 2021--Apr 2026,True
2025-04-01,0,1652,264,1601,3517,Ikwuano,Direct monthly mapping: Jan 2021--Apr 2026,True
2025-05-01,0,1592,265,1542,3399,Ikwuano,Direct monthly mapping: Jan 2021--Apr 2026,True
2025-06-01,0,8237,1217,7937,17391,Ikwuano,Direct monthly mapping: Jan 2021--Apr 2026,True
2025-07-01,0,4562,1027,4447,10036,Ikwuano,Direct monthly mapping: Jan 2021--Apr 2026,True
2025-08-01,0,3963,641,3837,8441,Ikwuano,Direct monthly mapping: Jan 2021--Apr 2026,True
2025-09-01,0,2859,758,2766,6383,Ikwuano,Direct monthly mapping: Jan 2021--Apr 2026,True
2025-10-01,0,3960,965,3846,8771,Ikwuano,Direct monthly mapping: Jan 2021--Apr 2026,True
2025-11-01,0,3153,805,2978,6936,Ikwuano,Direct monthly mapping: Jan 2021--Apr 2026,True
2025-12-01,0,3712,883,3560,8155,Ikwuano,Direct monthly mapping: Jan 2021--Apr 2026,True
2026-01-01,0,1969,442,1897,4308,Ikwuano,Direct monthly mapping: Jan 2021--Apr 2026,True
2026-02-01,0,1968,512,1903,4383,Ikwuano,Direct monthly mapping: Jan 2021--Apr 2026,True
2026-03-01,0,2196,511,2112,4819,Ikwuano,Direct monthly mapping: Jan 2021--Apr 2026,True
2026-04-01,0,1918,554,1809,4281,Ikwuano,Direct monthly mapping: Jan 2021--Apr 2026,True
2021-01-01,0,0,26,75,101,Isiala Ngwa North,Direct monthly mapping: Jan 2021--Apr 2026,True
2021-02-01,0,167,49,141,357,Isiala Ngwa North,Direct monthly mapping: Jan 2021--Apr 2026,True
2021-03-01,0,130,60,106,296,Isiala Ngwa North,Direct monthly mapping: Jan 2021--Apr 2026,True
2021-04-01,0,104,54,81,239,Isiala Ngwa North,Direct monthly mapping: Jan 2021--Apr 2026,True
2021-05-01,0,265,87,216,568,Isiala Ngwa North,Direct monthly mapping: Jan 2021--Apr 2026,True
2021-06-01,0,152,75,109,336,Isiala Ngwa North,Direct monthly mapping: Jan 2021--Apr 2026,True
2021-07-01,0,210,54,115,379,Isiala Ngwa North,Direct monthly mapping: Jan 2021--Apr 2026,True
2021-08-01,0,209,67,138,414,Isiala Ngwa North,Direct monthly mapping: Jan 2021--Apr 2026,True
2021-09-01,0,260,72,188,520,Isiala Ngwa North,Direct monthly mapping: Jan 2021--Apr 2026,True
2021-10-01,0,153,70,126,349,Isiala Ngwa North,Direct monthly mapping: Jan 2021--Apr 2026,True
2021-11-01,0,151,68,89,308,Isiala Ngwa North,Direct monthly mapping: Jan 2021--Apr 2026,True
2021-12-01,0,193,81,146,420,Isiala Ngwa North,Direct monthly mapping: Jan 2021--Apr 2026,True
2022-01-01,0,194,55,157,406,Isiala Ngwa North,Direct monthly mapping: Jan 2021--Apr 2026,True
2022-02-01,0,133,61,108,302,Isiala Ngwa North,Direct monthly mapping: Jan 2021--Apr 2026,True
2022-03-01,0,208,67,88,363,Isiala Ngwa North,Direct monthly mapping: Jan 2021--Apr 2026,True
2022-04-01,0,142,40,110,292,Isiala Ngwa North,Direct monthly mapping: Jan 2021--Apr 2026,True
2022-05-01,0,148,63,124,335,Isiala Ngwa North,Direct monthly mapping: Jan 2021--Apr 2026,True
2022-06-01,0,429,92,279,800,Isiala Ngwa North,Direct monthly mapping: Jan 2021--Apr 2026,True
2022-07-01,0,334,36,122,492,Isiala Ngwa North,Direct monthly mapping: Jan 2021--Apr 2026,True
2022-08-01,0,499,82,242,823,Isiala Ngwa North,Direct monthly mapping: Jan 2021--Apr 2026,True
2022-09-01,0,328,32,140,500,Isiala Ngwa North,Direct monthly mapping: Jan 2021--Apr 2026,True
2022-10-01,0,344,58,181,583,Isiala Ngwa North,Direct monthly mapping: Jan 2021--Apr 2026,True
2022-11-01,0,445,96,317,858,Isiala Ngwa North,Direct monthly mapping: Jan 2021--Apr 2026,True
2022-12-01,0,221,64,129,414,Isiala Ngwa North,Direct monthly mapping: Jan 2021--Apr 2026,True
2023-01-01,0,355,80,269,704,Isiala Ngwa North,Direct monthly mapping: Jan 2021--Apr 2026,True
2023-02-01,0,323,76,191,590,Isiala Ngwa North,Direct monthly mapping: Jan 2021--Apr 2026,True
2023-03-01,0,263,89,178,530,Isiala Ngwa North,Direct monthly mapping: Jan 2021--Apr 2026,True
2023-04-01,0,354,88,274,716,Isiala Ngwa North,Direct monthly mapping: Jan 2021--Apr 2026,True
2023-05-01,0,103,27,90,220,Isiala Ngwa North,Direct monthly mapping: Jan 2021--Apr 2026,True
2023-06-01,0,38,11,33,82,Isiala Ngwa North,Direct monthly mapping: Jan 2021--Apr 2026,True
2023-07-01,0,3,0,3,6,Isiala Ngwa North,Direct monthly mapping: Jan 2021--Apr 2026,True
2023-08-01,0,0,0,0,0,Isiala Ngwa North,Direct monthly mapping: Jan 2021--Apr 2026,True
2023-09-01,0,0,0,0,0,Isiala Ngwa North,Direct monthly mapping: Jan 2021--Apr 2026,True
2023-10-01,0,0,2,0,2,Isiala Ngwa North,Direct monthly mapping: Jan 2021--Apr 2026,True
2023-11-01,0,0,0,0,0,Isiala Ngwa North,Direct monthly mapping: Jan 2021--Apr 2026,True
2023-12-01,0,4,0,0,4,Isiala Ngwa North,Direct monthly mapping: Jan 2021--Apr 2026,True
2024-01-01,0,266,54,180,500,Isiala Ngwa North,Direct monthly mapping: Jan 2021--Apr 2026,True
2024-02-01,0,111,31,89,231,Isiala Ngwa North,Direct monthly mapping: Jan 2021--Apr 2026,True
2024-03-01,0,112,29,67,208,Isiala Ngwa North,Direct monthly mapping: Jan 2021--Apr 2026,True
2024-04-01,0,138,31,125,294,Isiala Ngwa North,Direct monthly mapping: Jan 2021--Apr 2026,True
2024-05-01,0,262,56,221,539,Isiala Ngwa North,Direct monthly mapping: Jan 2021--Apr 2026,True
2024-06-01,0,120,39,96,255,Isiala Ngwa North,Direct monthly mapping: Jan 2021--Apr 2026,True
2024-07-01,0,177,62,136,375,Isiala Ngwa North,Direct monthly mapping: Jan 2021--Apr 2026,True
2024-08-01,0,319,69,300,688,Isiala Ngwa North,Direct monthly mapping: Jan 2021--Apr 2026,True
2024-09-01,0,602,154,564,1320,Isiala Ngwa North,Direct monthly mapping: Jan 2021--Apr 2026,True
2024-10-01,0,641,190,598,1429,Isiala Ngwa North,Direct monthly mapping: Jan 2021--Apr 2026,True
2024-11-01,0,1131,273,1070,2474,Isiala Ngwa North,Direct monthly mapping: Jan 2021--Apr 2026,True
2024-12-01,0,627,175,591,1393,Isiala Ngwa North,Direct monthly mapping: Jan 2021--Apr 2026,True
2025-01-01,0,630,133,589,1352,Isiala Ngwa North,Direct monthly mapping: Jan 2021--Apr 2026,True
2025-02-01,0,596,141,533,1270,Isiala Ngwa North,Direct monthly mapping: Jan 2021--Apr 2026,True
2025-03-01,0,643,161,590,1394,Isiala Ngwa North,Direct monthly mapping: Jan 2021--Apr 2026,True
2025-04-01,0,1055,202,997,2254,Isiala Ngwa North,Direct monthly mapping: Jan 2021--Apr 2026,True
2025-05-01,0,1043,245,969,2257,Isiala Ngwa North,Direct monthly mapping: Jan 2021--Apr 2026,True
2025-06-01,0,5744,1285,5492,12521,Isiala Ngwa North,Direct monthly mapping: Jan 2021--Apr 2026,True
2025-07-01,0,5420,1229,5147,11796,Isiala Ngwa North,Direct monthly mapping: Jan 2021--Apr 2026,True
2025-08-01,0,5941,1453,5579,12973,Isiala Ngwa North,Direct monthly mapping: Jan 2021--Apr 2026,True
2025-09-01,0,3171,936,2996,7103,Isiala Ngwa North,Direct monthly mapping: Jan 2021--Apr 2026,True
2025-10-01,0,3627,1054,3450,8131,Isiala Ngwa North,Direct monthly mapping: Jan 2021--Apr 2026,True
2025-11-01,0,3703,1252,3532,8487,Isiala Ngwa North,Direct monthly mapping: Jan 2021--Apr 2026,True
2025-12-01,0,3873,1011,3603,8487,Isiala Ngwa North,Direct monthly mapping: Jan 2021--Apr 2026,True
2026-01-01,0,2483,1300,2351,6134,Isiala Ngwa North,Direct monthly mapping: Jan 2021--Apr 2026,True
2026-02-01,0,1735,539,1631,3905,Isiala Ngwa North,Direct monthly mapping: Jan 2021--Apr 2026,True
2026-03-01,0,1933,702,1840,4475,Isiala Ngwa North,Direct monthly mapping: Jan 2021--Apr 2026,True
2026-04-01,0,1701,531,1620,3852,Isiala Ngwa North,Direct monthly mapping: Jan 2021--Apr 2026,True
2021-01-01,0,0,38,76,114,Isiala Ngwa South,Direct monthly mapping: Jan 2021--Apr 2026,True
2021-02-01,0,173,32,124,329,Isiala Ngwa South,Direct monthly mapping: Jan 2021--Apr 2026,True
2021-03-01,0,113,56,88,257,Isiala Ngwa South,Direct monthly mapping: Jan 2021--Apr 2026,True
2021-04-01,0,109,72,71,252,Isiala Ngwa South,Direct monthly mapping: Jan 2021--Apr 2026,True
2021-05-01,0,74,50,47,171,Isiala Ngwa South,Direct monthly mapping: Jan 2021--Apr 2026,True
2021-06-01,0,169,45,120,334,Isiala Ngwa South,Direct monthly mapping: Jan 2021--Apr 2026,True
2021-07-01,0,106,60,62,228,Isiala Ngwa South,Direct monthly mapping: Jan 2021--Apr 2026,True
2021-08-01,0,152,48,99,299,Isiala Ngwa South,Direct monthly mapping: Jan 2021--Apr 2026,True
2021-09-01,0,99,60,54,213,Isiala Ngwa South,Direct monthly mapping: Jan 2021--Apr 2026,True
2021-10-01,0,118,70,72,260,Isiala Ngwa South,Direct monthly mapping: Jan 2021--Apr 2026,True
2021-11-01,0,146,75,121,342,Isiala Ngwa South,Direct monthly mapping: Jan 2021--Apr 2026,True
2021-12-01,0,135,35,74,244,Isiala Ngwa South,Direct monthly mapping: Jan 2021--Apr 2026,True
2022-01-01,0,104,37,65,206,Isiala Ngwa South,Direct monthly mapping: Jan 2021--Apr 2026,True
2022-02-01,0,218,67,158,443,Isiala Ngwa South,Direct monthly mapping: Jan 2021--Apr 2026,True
2022-03-01,0,98,37,72,207,Isiala Ngwa South,Direct monthly mapping: Jan 2021--Apr 2026,True
2022-04-01,0,176,79,136,391,Isiala Ngwa South,Direct monthly mapping: Jan 2021--Apr 2026,True
2022-05-01,0,54,41,33,128,Isiala Ngwa South,Direct monthly mapping: Jan 2021--Apr 2026,True
2022-06-01,0,100,37,60,197,Isiala Ngwa South,Direct monthly mapping: Jan 2021--Apr 2026,True
2022-07-01,0,118,61,69,248,Isiala Ngwa South,Direct monthly mapping: Jan 2021--Apr 2026,True
2022-08-01,0,111,27,70,208,Isiala Ngwa South,Direct monthly mapping: Jan 2021--Apr 2026,True
2022-09-01,0,120,45,66,231,Isiala Ngwa South,Direct monthly mapping: Jan 2021--Apr 2026,True
2022-10-01,0,72,31,48,151,Isiala Ngwa South,Direct monthly mapping: Jan 2021--Apr 2026,True
2022-11-01,0,98,56,67,221,Isiala Ngwa South,Direct monthly mapping: Jan 2021--Apr 2026,True
2022-12-01,0,70,45,52,167,Isiala Ngwa South,Direct monthly mapping: Jan 2021--Apr 2026,True
2023-01-01,0,65,43,46,154,Isiala Ngwa South,Direct monthly mapping: Jan 2021--Apr 2026,True
2023-02-01,0,70,30,51,151,Isiala Ngwa South,Direct monthly mapping: Jan 2021--Apr 2026,True
2023-03-01,0,55,32,31,118,Isiala Ngwa South,Direct monthly mapping: Jan 2021--Apr 2026,True
2023-04-01,0,82,57,57,196,Isiala Ngwa South,Direct monthly mapping: Jan 2021--Apr 2026,True
2023-05-01,0,0,0,0,0,Isiala Ngwa South,Direct monthly mapping: Jan 2021--Apr 2026,True
2023-06-01,0,101,41,65,207,Isiala Ngwa South,Direct monthly mapping: Jan 2021--Apr 2026,True
2023-07-01,0,69,43,39,151,Isiala Ngwa South,Direct monthly mapping: Jan 2021--Apr 2026,True
2023-08-01,0,132,93,105,330,Isiala Ngwa South,Direct monthly mapping: Jan 2021--Apr 2026,True
2023-09-01,0,78,45,55,178,Isiala Ngwa South,Direct monthly mapping: Jan 2021--Apr 2026,True
2023-10-01,0,133,64,108,305,Isiala Ngwa South,Direct monthly mapping: Jan 2021--Apr 2026,True
2023-11-01,0,57,42,34,133,Isiala Ngwa South,Direct monthly mapping: Jan 2021--Apr 2026,True
2023-12-01,0,55,40,37,132,Isiala Ngwa South,Direct monthly mapping: Jan 2021--Apr 2026,True
2024-01-01,0,96,34,68,198,Isiala Ngwa South,Direct monthly mapping: Jan 2021--Apr 2026,True
2024-02-01,0,101,41,64,206,Isiala Ngwa South,Direct monthly mapping: Jan 2021--Apr 2026,True
2024-03-01,0,338,113,230,681,Isiala Ngwa South,Direct monthly mapping: Jan 2021--Apr 2026,True
2024-04-01,0,200,85,138,423,Isiala Ngwa South,Direct monthly mapping: Jan 2021--Apr 2026,True
2024-05-01,0,213,95,148,456,Isiala Ngwa South,Direct monthly mapping: Jan 2021--Apr 2026,True
2024-06-01,0,216,87,160,463,Isiala Ngwa South,Direct monthly mapping: Jan 2021--Apr 2026,True
2024-07-01,0,211,85,164,460,Isiala Ngwa South,Direct monthly mapping: Jan 2021--Apr 2026,True
2024-08-01,0,280,103,224,607,Isiala Ngwa South,Direct monthly mapping: Jan 2021--Apr 2026,True
2024-09-01,0,361,109,289,759,Isiala Ngwa South,Direct monthly mapping: Jan 2021--Apr 2026,True
2024-10-01,0,545,166,428,1139,Isiala Ngwa South,Direct monthly mapping: Jan 2021--Apr 2026,True
2024-11-01,0,511,181,433,1125,Isiala Ngwa South,Direct monthly mapping: Jan 2021--Apr 2026,True
2024-12-01,0,706,193,639,1538,Isiala Ngwa South,Direct monthly mapping: Jan 2021--Apr 2026,True
2025-01-01,0,506,157,439,1102,Isiala Ngwa South,Direct monthly mapping: Jan 2021--Apr 2026,True
2025-02-01,0,373,133,330,836,Isiala Ngwa South,Direct monthly mapping: Jan 2021--Apr 2026,True
2025-03-01,0,448,181,386,1015,Isiala Ngwa South,Direct monthly mapping: Jan 2021--Apr 2026,True
2025-04-01,0,498,148,453,1099,Isiala Ngwa South,Direct monthly mapping: Jan 2021--Apr 2026,True
2025-05-01,0,1166,337,1006,2509,Isiala Ngwa South,Direct monthly mapping: Jan 2021--Apr 2026,True
2025-06-01,0,1314,359,1261,2934,Isiala Ngwa South,Direct monthly mapping: Jan 2021--Apr 2026,True
2025-07-01,0,1138,290,1074,2502,Isiala Ngwa South,Direct monthly mapping: Jan 2021--Apr 2026,True
2025-08-01,0,1597,459,1514,3570,Isiala Ngwa South,Direct monthly mapping: Jan 2021--Apr 2026,True
2025-09-01,0,1567,517,1492,3576,Isiala Ngwa South,Direct monthly mapping: Jan 2021--Apr 2026,True
2025-10-01,0,1598,495,1526,3619,Isiala Ngwa South,Direct monthly mapping: Jan 2021--Apr 2026,True
2025-11-01,0,1267,352,1206,2825,Isiala Ngwa South,Direct monthly mapping: Jan 2021--Apr 2026,True
2025-12-01,0,1584,395,1452,3431,Isiala Ngwa South,Direct monthly mapping: Jan 2021--Apr 2026,True
2026-01-01,0,933,268,865,2066,Isiala Ngwa South,Direct monthly mapping: Jan 2021--Apr 2026,True
2026-02-01,0,1195,362,1142,2699,Isiala Ngwa South,Direct monthly mapping: Jan 2021--Apr 2026,True
2026-03-01,0,1165,326,1045,2536,Isiala Ngwa South,Direct monthly mapping: Jan 2021--Apr 2026,True
2026-04-01,0,1029,286,984,2299,Isiala Ngwa South,Direct monthly mapping: Jan 2021--Apr 2026,True
2021-01-01,0,0,25,177,202,Isuikwato,Direct monthly mapping: Jan 2021--Apr 2026,True
2021-02-01,0,83,24,64,171,Isuikwato,Direct monthly mapping: Jan 2021--Apr 2026,True
2021-03-01,0,88,39,69,196,Isuikwato,Direct monthly mapping: Jan 2021--Apr 2026,True
2021-04-01,0,74,61,53,188,Isuikwato,Direct monthly mapping: Jan 2021--Apr 2026,True
2021-05-01,0,85,50,65,200,Isuikwato,Direct monthly mapping: Jan 2021--Apr 2026,True
2021-06-01,0,104,36,94,234,Isuikwato,Direct monthly mapping: Jan 2021--Apr 2026,True
2021-07-01,0,136,74,118,328,Isuikwato,Direct monthly mapping: Jan 2021--Apr 2026,True
2021-08-01,0,126,30,101,257,Isuikwato,Direct monthly mapping: Jan 2021--Apr 2026,True
2021-09-01,0,138,51,112,301,Isuikwato,Direct monthly mapping: Jan 2021--Apr 2026,True
2021-10-01,0,114,65,92,271,Isuikwato,Direct monthly mapping: Jan 2021--Apr 2026,True
2021-11-01,0,89,42,67,198,Isuikwato,Direct monthly mapping: Jan 2021--Apr 2026,True
2021-12-01,0,121,56,103,280,Isuikwato,Direct monthly mapping: Jan 2021--Apr 2026,True
2022-01-01,0,98,36,79,213,Isuikwato,Direct monthly mapping: Jan 2021--Apr 2026,True
2022-02-01,0,100,43,71,214,Isuikwato,Direct monthly mapping: Jan 2021--Apr 2026,True
2022-03-01,0,94,58,85,237,Isuikwato,Direct monthly mapping: Jan 2021--Apr 2026,True
2022-04-01,0,113,37,105,255,Isuikwato,Direct monthly mapping: Jan 2021--Apr 2026,True
2022-05-01,0,144,56,130,330,Isuikwato,Direct monthly mapping: Jan 2021--Apr 2026,True
2022-06-01,0,136,53,120,309,Isuikwato,Direct monthly mapping: Jan 2021--Apr 2026,True
2022-07-01,0,216,54,183,453,Isuikwato,Direct monthly mapping: Jan 2021--Apr 2026,True
2022-08-01,0,114,44,100,258,Isuikwato,Direct monthly mapping: Jan 2021--Apr 2026,True
2022-09-01,0,78,48,72,198,Isuikwato,Direct monthly mapping: Jan 2021--Apr 2026,True
2022-10-01,0,65,25,62,152,Isuikwato,Direct monthly mapping: Jan 2021--Apr 2026,True
2022-11-01,0,67,38,64,169,Isuikwato,Direct monthly mapping: Jan 2021--Apr 2026,True
2022-12-01,0,84,27,81,192,Isuikwato,Direct monthly mapping: Jan 2021--Apr 2026,True
2023-01-01,0,82,29,61,172,Isuikwato,Direct monthly mapping: Jan 2021--Apr 2026,True
2023-02-01,0,54,38,45,137,Isuikwato,Direct monthly mapping: Jan 2021--Apr 2026,True
2023-03-01,0,32,45,28,105,Isuikwato,Direct monthly mapping: Jan 2021--Apr 2026,True
2023-04-01,0,57,86,51,194,Isuikwato,Direct monthly mapping: Jan 2021--Apr 2026,True
2023-05-01,0,9,3,9,21,Isuikwato,Direct monthly mapping: Jan 2021--Apr 2026,True
2023-06-01,0,116,49,106,271,Isuikwato,Direct monthly mapping: Jan 2021--Apr 2026,True
2023-07-01,0,115,61,92,268,Isuikwato,Direct monthly mapping: Jan 2021--Apr 2026,True
2023-08-01,0,74,61,70,205,Isuikwato,Direct monthly mapping: Jan 2021--Apr 2026,True
2023-09-01,0,64,67,59,190,Isuikwato,Direct monthly mapping: Jan 2021--Apr 2026,True
2023-10-01,0,63,49,50,162,Isuikwato,Direct monthly mapping: Jan 2021--Apr 2026,True
2023-11-01,0,51,25,45,121,Isuikwato,Direct monthly mapping: Jan 2021--Apr 2026,True
2023-12-01,0,54,41,43,138,Isuikwato,Direct monthly mapping: Jan 2021--Apr 2026,True
2024-01-01,0,116,50,113,279,Isuikwato,Direct monthly mapping: Jan 2021--Apr 2026,True
2024-02-01,0,114,71,109,294,Isuikwato,Direct monthly mapping: Jan 2021--Apr 2026,True
2024-03-01,0,76,26,71,173,Isuikwato,Direct monthly mapping: Jan 2021--Apr 2026,True
2024-04-01,0,98,44,95,237,Isuikwato,Direct monthly mapping: Jan 2021--Apr 2026,True
2024-05-01,0,148,47,121,316,Isuikwato,Direct monthly mapping: Jan 2021--Apr 2026,True
2024-06-01,0,123,29,111,263,Isuikwato,Direct monthly mapping: Jan 2021--Apr 2026,True
2024-07-01,0,267,90,253,610,Isuikwato,Direct monthly mapping: Jan 2021--Apr 2026,True
2024-08-01,0,383,127,349,859,Isuikwato,Direct monthly mapping: Jan 2021--Apr 2026,True
2024-09-01,0,1077,293,1029,2399,Isuikwato,Direct monthly mapping: Jan 2021--Apr 2026,True
2024-10-01,0,994,220,935,2149,Isuikwato,Direct monthly mapping: Jan 2021--Apr 2026,True
2024-11-01,0,1147,258,1112,2517,Isuikwato,Direct monthly mapping: Jan 2021--Apr 2026,True
2024-12-01,0,1072,171,1011,2254,Isuikwato,Direct monthly mapping: Jan 2021--Apr 2026,True
2025-01-01,0,878,208,835,1921,Isuikwato,Direct monthly mapping: Jan 2021--Apr 2026,True
2025-02-01,0,658,194,618,1470,Isuikwato,Direct monthly mapping: Jan 2021--Apr 2026,True
2025-03-01,0,801,199,752,1752,Isuikwato,Direct monthly mapping: Jan 2021--Apr 2026,True
2025-04-01,0,1552,271,1477,3300,Isuikwato,Direct monthly mapping: Jan 2021--Apr 2026,True
2025-05-01,0,1796,261,1725,3782,Isuikwato,Direct monthly mapping: Jan 2021--Apr 2026,True
2025-06-01,0,9579,1849,9365,20793,Isuikwato,Direct monthly mapping: Jan 2021--Apr 2026,True
2025-07-01,0,5082,989,4992,11063,Isuikwato,Direct monthly mapping: Jan 2021--Apr 2026,True
2025-08-01,0,5169,915,5067,11151,Isuikwato,Direct monthly mapping: Jan 2021--Apr 2026,True
2025-09-01,0,3573,901,3485,7959,Isuikwato,Direct monthly mapping: Jan 2021--Apr 2026,True
2025-10-01,0,3708,813,3626,8147,Isuikwato,Direct monthly mapping: Jan 2021--Apr 2026,True
2025-11-01,0,3575,717,3478,7770,Isuikwato,Direct monthly mapping: Jan 2021--Apr 2026,True
2025-12-01,0,4197,822,4085,9104,Isuikwato,Direct monthly mapping: Jan 2021--Apr 2026,True
2026-01-01,0,3041,589,2920,6550,Isuikwato,Direct monthly mapping: Jan 2021--Apr 2026,True
2026-02-01,0,2679,687,2590,5956,Isuikwato,Direct monthly mapping: Jan 2021--Apr 2026,True
2026-03-01,0,2264,592,2190,5046,Isuikwato,Direct monthly mapping: Jan 2021--Apr 2026,True
2026-04-01,0,1908,414,1827,4149,Isuikwato,Direct monthly mapping: Jan 2021--Apr 2026,True
2021-01-01,0,0,76,259,335,Obi Nwa,Direct monthly mapping: Jan 2021--Apr 2026,True
2021-02-01,0,262,138,225,625,Obi Nwa,Direct monthly mapping: Jan 2021--Apr 2026,True
2021-03-01,0,347,151,276,774,Obi Nwa,Direct monthly mapping: Jan 2021--Apr 2026,True
2021-04-01,0,214,107,143,464,Obi Nwa,Direct monthly mapping: Jan 2021--Apr 2026,True
2021-05-01,0,244,107,170,521,Obi Nwa,Direct monthly mapping: Jan 2021--Apr 2026,True
2021-06-01,0,431,133,345,909,Obi Nwa,Direct monthly mapping: Jan 2021--Apr 2026,True
2021-07-01,0,862,144,711,1717,Obi Nwa,Direct monthly mapping: Jan 2021--Apr 2026,True
2021-08-01,0,802,158,715,1675,Obi Nwa,Direct monthly mapping: Jan 2021--Apr 2026,True
2021-09-01,0,395,126,269,790,Obi Nwa,Direct monthly mapping: Jan 2021--Apr 2026,True
2021-10-01,0,250,126,190,566,Obi Nwa,Direct monthly mapping: Jan 2021--Apr 2026,True
2021-11-01,0,286,110,224,620,Obi Nwa,Direct monthly mapping: Jan 2021--Apr 2026,True
2021-12-01,0,247,102,204,553,Obi Nwa,Direct monthly mapping: Jan 2021--Apr 2026,True
2022-01-01,0,197,79,163,439,Obi Nwa,Direct monthly mapping: Jan 2021--Apr 2026,True
2022-02-01,0,392,103,325,820,Obi Nwa,Direct monthly mapping: Jan 2021--Apr 2026,True
2022-03-01,0,207,81,151,439,Obi Nwa,Direct monthly mapping: Jan 2021--Apr 2026,True
2022-04-01,0,381,93,337,811,Obi Nwa,Direct monthly mapping: Jan 2021--Apr 2026,True
2022-05-01,0,349,129,293,771,Obi Nwa,Direct monthly mapping: Jan 2021--Apr 2026,True
2022-06-01,0,269,89,198,556,Obi Nwa,Direct monthly mapping: Jan 2021--Apr 2026,True
2022-07-01,0,285,89,226,600,Obi Nwa,Direct monthly mapping: Jan 2021--Apr 2026,True
2022-08-01,0,252,64,184,500,Obi Nwa,Direct monthly mapping: Jan 2021--Apr 2026,True
2022-09-01,0,302,99,213,614,Obi Nwa,Direct monthly mapping: Jan 2021--Apr 2026,True
2022-10-01,0,339,95,255,689,Obi Nwa,Direct monthly mapping: Jan 2021--Apr 2026,True
2022-11-01,0,307,121,196,624,Obi Nwa,Direct monthly mapping: Jan 2021--Apr 2026,True
2022-12-01,0,361,119,271,751,Obi Nwa,Direct monthly mapping: Jan 2021--Apr 2026,True
2023-01-01,0,380,104,290,774,Obi Nwa,Direct monthly mapping: Jan 2021--Apr 2026,True
2023-02-01,0,295,94,232,621,Obi Nwa,Direct monthly mapping: Jan 2021--Apr 2026,True
2023-03-01,0,229,61,134,424,Obi Nwa,Direct monthly mapping: Jan 2021--Apr 2026,True
2023-04-01,0,416,113,347,876,Obi Nwa,Direct monthly mapping: Jan 2021--Apr 2026,True
2023-05-01,0,143,24,131,298,Obi Nwa,Direct monthly mapping: Jan 2021--Apr 2026,True
2023-06-01,0,313,122,242,677,Obi Nwa,Direct monthly mapping: Jan 2021--Apr 2026,True
2023-07-01,0,335,99,228,662,Obi Nwa,Direct monthly mapping: Jan 2021--Apr 2026,True
2023-08-01,0,148,54,94,296,Obi Nwa,Direct monthly mapping: Jan 2021--Apr 2026,True
2023-09-01,0,151,63,91,305,Obi Nwa,Direct monthly mapping: Jan 2021--Apr 2026,True
2023-10-01,0,108,110,74,292,Obi Nwa,Direct monthly mapping: Jan 2021--Apr 2026,True
2023-11-01,0,106,57,85,248,Obi Nwa,Direct monthly mapping: Jan 2021--Apr 2026,True
2023-12-01,0,107,51,82,240,Obi Nwa,Direct monthly mapping: Jan 2021--Apr 2026,True
2024-01-01,0,149,62,112,323,Obi Nwa,Direct monthly mapping: Jan 2021--Apr 2026,True
2024-02-01,0,239,88,174,501,Obi Nwa,Direct monthly mapping: Jan 2021--Apr 2026,True
2024-03-01,0,169,84,127,380,Obi Nwa,Direct monthly mapping: Jan 2021--Apr 2026,True
2024-04-01,0,156,76,114,346,Obi Nwa,Direct monthly mapping: Jan 2021--Apr 2026,True
2024-05-01,0,118,65,72,255,Obi Nwa,Direct monthly mapping: Jan 2021--Apr 2026,True
2024-06-01,0,214,83,128,425,Obi Nwa,Direct monthly mapping: Jan 2021--Apr 2026,True
2024-07-01,0,192,88,137,417,Obi Nwa,Direct monthly mapping: Jan 2021--Apr 2026,True
2024-08-01,0,179,83,108,370,Obi Nwa,Direct monthly mapping: Jan 2021--Apr 2026,True
2024-09-01,0,165,58,111,334,Obi Nwa,Direct monthly mapping: Jan 2021--Apr 2026,True
2024-10-01,0,648,244,582,1474,Obi Nwa,Direct monthly mapping: Jan 2021--Apr 2026,True
2024-11-01,0,789,340,654,1783,Obi Nwa,Direct monthly mapping: Jan 2021--Apr 2026,True
2024-12-01,0,739,246,645,1630,Obi Nwa,Direct monthly mapping: Jan 2021--Apr 2026,True
2025-01-01,0,834,237,768,1839,Obi Nwa,Direct monthly mapping: Jan 2021--Apr 2026,True
2025-02-01,0,1025,303,951,2279,Obi Nwa,Direct monthly mapping: Jan 2021--Apr 2026,True
2025-03-01,0,856,275,778,1909,Obi Nwa,Direct monthly mapping: Jan 2021--Apr 2026,True
2025-04-01,0,660,167,610,1437,Obi Nwa,Direct monthly mapping: Jan 2021--Apr 2026,True
2025-05-01,0,1190,279,1109,2578,Obi Nwa,Direct monthly mapping: Jan 2021--Apr 2026,True
2025-06-01,0,1318,372,1235,2925,Obi Nwa,Direct monthly mapping: Jan 2021--Apr 2026,True
2025-07-01,0,1336,442,1290,3068,Obi Nwa,Direct monthly mapping: Jan 2021--Apr 2026,True
2025-08-01,0,1109,449,1042,2600,Obi Nwa,Direct monthly mapping: Jan 2021--Apr 2026,True
2025-09-01,0,1256,412,1205,2873,Obi Nwa,Direct monthly mapping: Jan 2021--Apr 2026,True
2025-10-01,0,1295,366,1236,2897,Obi Nwa,Direct monthly mapping: Jan 2021--Apr 2026,True
2025-11-01,0,1120,364,1071,2555,Obi Nwa,Direct monthly mapping: Jan 2021--Apr 2026,True
2025-12-01,0,1275,333,1195,2803,Obi Nwa,Direct monthly mapping: Jan 2021--Apr 2026,True
2026-01-01,0,870,831,826,2527,Obi Nwa,Direct monthly mapping: Jan 2021--Apr 2026,True
2026-02-01,0,1084,333,1014,2431,Obi Nwa,Direct monthly mapping: Jan 2021--Apr 2026,True
2026-03-01,0,1395,414,1317,3126,Obi Nwa,Direct monthly mapping: Jan 2021--Apr 2026,True
2026-04-01,0,1135,307,1067,2509,Obi Nwa,Direct monthly mapping: Jan 2021--Apr 2026,True
2021-01-01,0,9,29,75,113,Ohafia,Direct monthly mapping: Jan 2021--Apr 2026,True
2021-02-01,0,111,46,85,242,Ohafia,Direct monthly mapping: Jan 2021--Apr 2026,True
2021-03-01,0,103,38,61,202,Ohafia,Direct monthly mapping: Jan 2021--Apr 2026,True
2021-04-01,0,88,53,62,203,Ohafia,Direct monthly mapping: Jan 2021--Apr 2026,True
2021-05-01,0,108,76,70,254,Ohafia,Direct monthly mapping: Jan 2021--Apr 2026,True
2021-06-01,0,107,63,72,242,Ohafia,Direct monthly mapping: Jan 2021--Apr 2026,True
2021-07-01,0,127,46,83,256,Ohafia,Direct monthly mapping: Jan 2021--Apr 2026,True
2021-08-01,0,102,37,65,204,Ohafia,Direct monthly mapping: Jan 2021--Apr 2026,True
2021-09-01,0,97,54,72,223,Ohafia,Direct monthly mapping: Jan 2021--Apr 2026,True
2021-10-01,0,174,57,107,338,Ohafia,Direct monthly mapping: Jan 2021--Apr 2026,True
2021-11-01,0,86,26,55,167,Ohafia,Direct monthly mapping: Jan 2021--Apr 2026,True
2021-12-01,0,101,44,78,223,Ohafia,Direct monthly mapping: Jan 2021--Apr 2026,True
2022-01-01,0,133,51,107,291,Ohafia,Direct monthly mapping: Jan 2021--Apr 2026,True
2022-02-01,0,78,34,66,178,Ohafia,Direct monthly mapping: Jan 2021--Apr 2026,True
2022-03-01,0,65,46,44,155,Ohafia,Direct monthly mapping: Jan 2021--Apr 2026,True
2022-04-01,0,136,38,100,274,Ohafia,Direct monthly mapping: Jan 2021--Apr 2026,True
2022-05-01,0,115,48,88,251,Ohafia,Direct monthly mapping: Jan 2021--Apr 2026,True
2022-06-01,0,118,73,95,286,Ohafia,Direct monthly mapping: Jan 2021--Apr 2026,True
2022-07-01,0,194,44,170,408,Ohafia,Direct monthly mapping: Jan 2021--Apr 2026,True
2022-08-01,0,196,58,146,400,Ohafia,Direct monthly mapping: Jan 2021--Apr 2026,True
2022-09-01,0,136,45,100,281,Ohafia,Direct monthly mapping: Jan 2021--Apr 2026,True
2022-10-01,0,159,45,113,317,Ohafia,Direct monthly mapping: Jan 2021--Apr 2026,True
2022-11-01,0,122,37,78,237,Ohafia,Direct monthly mapping: Jan 2021--Apr 2026,True
2022-12-01,0,122,28,98,248,Ohafia,Direct monthly mapping: Jan 2021--Apr 2026,True
2023-01-01,0,157,51,119,327,Ohafia,Direct monthly mapping: Jan 2021--Apr 2026,True
2023-02-01,0,49,14,38,101,Ohafia,Direct monthly mapping: Jan 2021--Apr 2026,True
2023-03-01,0,81,38,66,185,Ohafia,Direct monthly mapping: Jan 2021--Apr 2026,True
2023-04-01,0,74,35,62,171,Ohafia,Direct monthly mapping: Jan 2021--Apr 2026,True
2023-05-01,0,45,13,36,94,Ohafia,Direct monthly mapping: Jan 2021--Apr 2026,True
2023-06-01,0,116,51,104,271,Ohafia,Direct monthly mapping: Jan 2021--Apr 2026,True
2023-07-01,0,113,70,107,290,Ohafia,Direct monthly mapping: Jan 2021--Apr 2026,True
2023-08-01,0,91,43,79,213,Ohafia,Direct monthly mapping: Jan 2021--Apr 2026,True
2023-09-01,0,101,39,89,229,Ohafia,Direct monthly mapping: Jan 2021--Apr 2026,True
2023-10-01,0,53,21,46,120,Ohafia,Direct monthly mapping: Jan 2021--Apr 2026,True
2023-11-01,0,84,62,74,220,Ohafia,Direct monthly mapping: Jan 2021--Apr 2026,True
2023-12-01,0,98,45,89,232,Ohafia,Direct monthly mapping: Jan 2021--Apr 2026,True
2024-01-01,0,228,92,179,499,Ohafia,Direct monthly mapping: Jan 2021--Apr 2026,True
2024-02-01,0,190,97,147,434,Ohafia,Direct monthly mapping: Jan 2021--Apr 2026,True
2024-03-01,0,179,105,133,417,Ohafia,Direct monthly mapping: Jan 2021--Apr 2026,True
2024-04-01,0,180,55,140,375,Ohafia,Direct monthly mapping: Jan 2021--Apr 2026,True
2024-05-01,0,166,67,129,362,Ohafia,Direct monthly mapping: Jan 2021--Apr 2026,True
2024-06-01,0,252,89,200,541,Ohafia,Direct monthly mapping: Jan 2021--Apr 2026,True
2024-07-01,0,326,109,283,718,Ohafia,Direct monthly mapping: Jan 2021--Apr 2026,True
2024-08-01,0,709,218,623,1550,Ohafia,Direct monthly mapping: Jan 2021--Apr 2026,True
2024-09-01,0,1485,376,1428,3289,Ohafia,Direct monthly mapping: Jan 2021--Apr 2026,True
2024-10-01,0,1675,333,1623,3631,Ohafia,Direct monthly mapping: Jan 2021--Apr 2026,True
2024-11-01,0,1846,388,1727,3961,Ohafia,Direct monthly mapping: Jan 2021--Apr 2026,True
2024-12-01,0,1994,420,1931,4345,Ohafia,Direct monthly mapping: Jan 2021--Apr 2026,True
2025-01-01,0,1516,362,1450,3328,Ohafia,Direct monthly mapping: Jan 2021--Apr 2026,True
2025-02-01,0,1417,302,1367,3086,Ohafia,Direct monthly mapping: Jan 2021--Apr 2026,True
2025-03-01,0,1307,247,1237,2791,Ohafia,Direct monthly mapping: Jan 2021--Apr 2026,True
2025-04-01,0,2000,381,1905,4286,Ohafia,Direct monthly mapping: Jan 2021--Apr 2026,True
2025-05-01,0,4242,527,4094,8863,Ohafia,Direct monthly mapping: Jan 2021--Apr 2026,True
2025-06-01,0,13023,2018,12703,27744,Ohafia,Direct monthly mapping: Jan 2021--Apr 2026,True
2025-07-01,0,4962,1159,4788,10909,Ohafia,Direct monthly mapping: Jan 2021--Apr 2026,True
2025-08-01,0,7253,1850,6926,16029,Ohafia,Direct monthly mapping: Jan 2021--Apr 2026,True
2025-09-01,0,4225,1712,4086,10023,Ohafia,Direct monthly mapping: Jan 2021--Apr 2026,True
2025-10-01,0,6457,1362,6235,14054,Ohafia,Direct monthly mapping: Jan 2021--Apr 2026,True
2025-11-01,0,7097,1569,6887,15553,Ohafia,Direct monthly mapping: Jan 2021--Apr 2026,True
2025-12-01,0,8000,1518,7873,17391,Ohafia,Direct monthly mapping: Jan 2021--Apr 2026,True
2026-01-01,0,4469,1095,4342,9906,Ohafia,Direct monthly mapping: Jan 2021--Apr 2026,True
2026-02-01,0,4570,1434,4442,10446,Ohafia,Direct monthly mapping: Jan 2021--Apr 2026,True
2026-03-01,0,4294,1285,4138,9717,Ohafia,Direct monthly mapping: Jan 2021--Apr 2026,True
2026-04-01,0,3915,1023,3809,8747,Ohafia,Direct monthly mapping: Jan 2021--Apr 2026,True
2021-01-01,0,0,22,53,75,Osisioma Ngwa,Direct monthly mapping: Jan 2021--Apr 2026,True
2021-02-01,0,93,58,56,207,Osisioma Ngwa,Direct monthly mapping: Jan 2021--Apr 2026,True
2021-03-01,0,168,50,110,328,Osisioma Ngwa,Direct monthly mapping: Jan 2021--Apr 2026,True
2021-04-01,0,123,63,70,256,Osisioma Ngwa,Direct monthly mapping: Jan 2021--Apr 2026,True
2021-05-01,0,150,74,129,353,Osisioma Ngwa,Direct monthly mapping: Jan 2021--Apr 2026,True
2021-06-01,0,230,76,152,458,Osisioma Ngwa,Direct monthly mapping: Jan 2021--Apr 2026,True
2021-07-01,0,293,136,223,652,Osisioma Ngwa,Direct monthly mapping: Jan 2021--Apr 2026,True
2021-08-01,0,326,84,214,624,Osisioma Ngwa,Direct monthly mapping: Jan 2021--Apr 2026,True
2021-09-01,0,264,94,177,535,Osisioma Ngwa,Direct monthly mapping: Jan 2021--Apr 2026,True
2021-10-01,0,225,83,138,446,Osisioma Ngwa,Direct monthly mapping: Jan 2021--Apr 2026,True
2021-11-01,0,166,93,117,376,Osisioma Ngwa,Direct monthly mapping: Jan 2021--Apr 2026,True
2021-12-01,0,211,95,150,456,Osisioma Ngwa,Direct monthly mapping: Jan 2021--Apr 2026,True
2022-01-01,0,188,55,126,369,Osisioma Ngwa,Direct monthly mapping: Jan 2021--Apr 2026,True
2022-02-01,0,209,77,162,448,Osisioma Ngwa,Direct monthly mapping: Jan 2021--Apr 2026,True
2022-03-01,0,258,141,131,530,Osisioma Ngwa,Direct monthly mapping: Jan 2021--Apr 2026,True
2022-04-01,0,327,135,206,668,Osisioma Ngwa,Direct monthly mapping: Jan 2021--Apr 2026,True
2022-05-01,0,332,139,178,649,Osisioma Ngwa,Direct monthly mapping: Jan 2021--Apr 2026,True
2022-06-01,0,354,96,167,617,Osisioma Ngwa,Direct monthly mapping: Jan 2021--Apr 2026,True
2022-07-01,0,278,92,115,485,Osisioma Ngwa,Direct monthly mapping: Jan 2021--Apr 2026,True
2022-08-01,0,345,66,204,615,Osisioma Ngwa,Direct monthly mapping: Jan 2021--Apr 2026,True
2022-09-01,0,462,93,307,862,Osisioma Ngwa,Direct monthly mapping: Jan 2021--Apr 2026,True
2022-10-01,0,303,82,166,551,Osisioma Ngwa,Direct monthly mapping: Jan 2021--Apr 2026,True
2022-11-01,0,297,147,180,624,Osisioma Ngwa,Direct monthly mapping: Jan 2021--Apr 2026,True
2022-12-01,0,217,79,103,399,Osisioma Ngwa,Direct monthly mapping: Jan 2021--Apr 2026,True
2023-01-01,0,181,81,95,357,Osisioma Ngwa,Direct monthly mapping: Jan 2021--Apr 2026,True
2023-02-01,0,189,73,139,401,Osisioma Ngwa,Direct monthly mapping: Jan 2021--Apr 2026,True
2023-03-01,0,402,109,284,795,Osisioma Ngwa,Direct monthly mapping: Jan 2021--Apr 2026,True
2023-04-01,0,308,99,190,597,Osisioma Ngwa,Direct monthly mapping: Jan 2021--Apr 2026,True
2023-05-01,0,192,58,114,364,Osisioma Ngwa,Direct monthly mapping: Jan 2021--Apr 2026,True
2023-06-01,0,285,123,197,605,Osisioma Ngwa,Direct monthly mapping: Jan 2021--Apr 2026,True
2023-07-01,0,225,96,130,451,Osisioma Ngwa,Direct monthly mapping: Jan 2021--Apr 2026,True
2023-08-01,0,187,100,137,424,Osisioma Ngwa,Direct monthly mapping: Jan 2021--Apr 2026,True
2023-09-01,0,230,86,150,466,Osisioma Ngwa,Direct monthly mapping: Jan 2021--Apr 2026,True
2023-10-01,0,201,55,147,403,Osisioma Ngwa,Direct monthly mapping: Jan 2021--Apr 2026,True
2023-11-01,0,214,80,151,445,Osisioma Ngwa,Direct monthly mapping: Jan 2021--Apr 2026,True
2023-12-01,0,130,79,93,302,Osisioma Ngwa,Direct monthly mapping: Jan 2021--Apr 2026,True
2024-01-01,0,210,72,128,410,Osisioma Ngwa,Direct monthly mapping: Jan 2021--Apr 2026,True
2024-02-01,0,246,108,166,520,Osisioma Ngwa,Direct monthly mapping: Jan 2021--Apr 2026,True
2024-03-01,0,491,201,363,1055,Osisioma Ngwa,Direct monthly mapping: Jan 2021--Apr 2026,True
2024-04-01,0,360,100,239,699,Osisioma Ngwa,Direct monthly mapping: Jan 2021--Apr 2026,True
2024-05-01,0,486,185,374,1045,Osisioma Ngwa,Direct monthly mapping: Jan 2021--Apr 2026,True
2024-06-01,0,1098,276,992,2366,Osisioma Ngwa,Direct monthly mapping: Jan 2021--Apr 2026,True
2024-07-01,0,1300,347,1144,2791,Osisioma Ngwa,Direct monthly mapping: Jan 2021--Apr 2026,True
2024-08-01,0,948,313,823,2084,Osisioma Ngwa,Direct monthly mapping: Jan 2021--Apr 2026,True
2024-09-01,0,868,269,737,1874,Osisioma Ngwa,Direct monthly mapping: Jan 2021--Apr 2026,True
2024-10-01,0,763,211,641,1615,Osisioma Ngwa,Direct monthly mapping: Jan 2021--Apr 2026,True
2024-11-01,0,984,277,821,2082,Osisioma Ngwa,Direct monthly mapping: Jan 2021--Apr 2026,True
2024-12-01,0,1198,473,1095,2766,Osisioma Ngwa,Direct monthly mapping: Jan 2021--Apr 2026,True
2025-01-01,0,937,303,764,2004,Osisioma Ngwa,Direct monthly mapping: Jan 2021--Apr 2026,True
2025-02-01,0,1048,355,931,2334,Osisioma Ngwa,Direct monthly mapping: Jan 2021--Apr 2026,True
2025-03-01,0,612,216,560,1388,Osisioma Ngwa,Direct monthly mapping: Jan 2021--Apr 2026,True
2025-04-01,0,809,193,623,1625,Osisioma Ngwa,Direct monthly mapping: Jan 2021--Apr 2026,True
2025-05-01,0,1025,313,868,2206,Osisioma Ngwa,Direct monthly mapping: Jan 2021--Apr 2026,True
2025-06-01,0,1475,318,1387,3180,Osisioma Ngwa,Direct monthly mapping: Jan 2021--Apr 2026,True
2025-07-01,0,1222,313,1051,2586,Osisioma Ngwa,Direct monthly mapping: Jan 2021--Apr 2026,True
2025-08-01,0,1442,559,1315,3316,Osisioma Ngwa,Direct monthly mapping: Jan 2021--Apr 2026,True
2025-09-01,0,1295,479,1173,2947,Osisioma Ngwa,Direct monthly mapping: Jan 2021--Apr 2026,True
2025-10-01,0,1594,532,1481,3607,Osisioma Ngwa,Direct monthly mapping: Jan 2021--Apr 2026,True
2025-11-01,0,1615,475,1511,3601,Osisioma Ngwa,Direct monthly mapping: Jan 2021--Apr 2026,True
2025-12-01,0,2051,550,1912,4513,Osisioma Ngwa,Direct monthly mapping: Jan 2021--Apr 2026,True
2026-01-01,0,1705,701,1598,4004,Osisioma Ngwa,Direct monthly mapping: Jan 2021--Apr 2026,True
2026-02-01,0,1889,579,1718,4186,Osisioma Ngwa,Direct monthly mapping: Jan 2021--Apr 2026,True
2026-03-01,0,2221,654,2004,4879,Osisioma Ngwa,Direct monthly mapping: Jan 2021--Apr 2026,True
2026-04-01,0,1956,549,1751,4256,Osisioma Ngwa,Direct monthly mapping: Jan 2021--Apr 2026,True
2021-01-01,0,0,16,42,58,Ugwunagbo,Direct monthly mapping: Jan 2021--Apr 2026,True
2021-02-01,0,42,31,32,105,Ugwunagbo,Direct monthly mapping: Jan 2021--Apr 2026,True
2021-03-01,0,57,35,32,124,Ugwunagbo,Direct monthly mapping: Jan 2021--Apr 2026,True
2021-04-01,0,57,31,36,124,Ugwunagbo,Direct monthly mapping: Jan 2021--Apr 2026,True
2021-05-01,0,55,35,36,126,Ugwunagbo,Direct monthly mapping: Jan 2021--Apr 2026,True
2021-06-01,0,63,37,37,137,Ugwunagbo,Direct monthly mapping: Jan 2021--Apr 2026,True
2021-07-01,0,75,40,43,158,Ugwunagbo,Direct monthly mapping: Jan 2021--Apr 2026,True
2021-08-01,0,68,35,36,139,Ugwunagbo,Direct monthly mapping: Jan 2021--Apr 2026,True
2021-09-01,0,74,33,48,155,Ugwunagbo,Direct monthly mapping: Jan 2021--Apr 2026,True
2021-10-01,0,68,21,45,134,Ugwunagbo,Direct monthly mapping: Jan 2021--Apr 2026,True
2021-11-01,0,63,33,35,131,Ugwunagbo,Direct monthly mapping: Jan 2021--Apr 2026,True
2021-12-01,0,48,28,36,112,Ugwunagbo,Direct monthly mapping: Jan 2021--Apr 2026,True
2022-01-01,0,60,31,31,122,Ugwunagbo,Direct monthly mapping: Jan 2021--Apr 2026,True
2022-02-01,0,56,37,30,123,Ugwunagbo,Direct monthly mapping: Jan 2021--Apr 2026,True
2022-03-01,0,58,25,39,122,Ugwunagbo,Direct monthly mapping: Jan 2021--Apr 2026,True
2022-04-01,0,71,40,37,148,Ugwunagbo,Direct monthly mapping: Jan 2021--Apr 2026,True
2022-05-01,0,108,37,79,224,Ugwunagbo,Direct monthly mapping: Jan 2021--Apr 2026,True
2022-06-01,0,93,29,61,183,Ugwunagbo,Direct monthly mapping: Jan 2021--Apr 2026,True
2022-07-01,0,73,41,49,163,Ugwunagbo,Direct monthly mapping: Jan 2021--Apr 2026,True
2022-08-01,0,81,52,51,184,Ugwunagbo,Direct monthly mapping: Jan 2021--Apr 2026,True
2022-09-01,0,82,41,50,173,Ugwunagbo,Direct monthly mapping: Jan 2021--Apr 2026,True
2022-10-01,0,66,28,35,129,Ugwunagbo,Direct monthly mapping: Jan 2021--Apr 2026,True
2022-11-01,0,69,38,41,148,Ugwunagbo,Direct monthly mapping: Jan 2021--Apr 2026,True
2022-12-01,0,84,35,48,167,Ugwunagbo,Direct monthly mapping: Jan 2021--Apr 2026,True
2023-01-01,0,53,31,31,115,Ugwunagbo,Direct monthly mapping: Jan 2021--Apr 2026,True
2023-02-01,0,52,24,37,113,Ugwunagbo,Direct monthly mapping: Jan 2021--Apr 2026,True
2023-03-01,0,34,16,9,59,Ugwunagbo,Direct monthly mapping: Jan 2021--Apr 2026,True
2023-04-01,0,43,25,24,92,Ugwunagbo,Direct monthly mapping: Jan 2021--Apr 2026,True
2023-05-01,0,0,0,0,0,Ugwunagbo,Direct monthly mapping: Jan 2021--Apr 2026,True
2023-06-01,0,50,19,20,89,Ugwunagbo,Direct monthly mapping: Jan 2021--Apr 2026,True
2023-07-01,0,42,10,17,69,Ugwunagbo,Direct monthly mapping: Jan 2021--Apr 2026,True
2023-08-01,0,68,27,44,139,Ugwunagbo,Direct monthly mapping: Jan 2021--Apr 2026,True
2023-09-01,0,40,28,35,103,Ugwunagbo,Direct monthly mapping: Jan 2021--Apr 2026,True
2023-10-01,0,23,26,17,66,Ugwunagbo,Direct monthly mapping: Jan 2021--Apr 2026,True
2023-11-01,0,96,36,78,210,Ugwunagbo,Direct monthly mapping: Jan 2021--Apr 2026,True
2023-12-01,0,36,8,19,63,Ugwunagbo,Direct monthly mapping: Jan 2021--Apr 2026,True
2024-01-01,0,90,18,61,169,Ugwunagbo,Direct monthly mapping: Jan 2021--Apr 2026,True
2024-02-01,0,35,14,27,76,Ugwunagbo,Direct monthly mapping: Jan 2021--Apr 2026,True
2024-03-01,0,55,31,43,129,Ugwunagbo,Direct monthly mapping: Jan 2021--Apr 2026,True
2024-04-01,0,44,23,35,102,Ugwunagbo,Direct monthly mapping: Jan 2021--Apr 2026,True
2024-05-01,0,74,27,60,161,Ugwunagbo,Direct monthly mapping: Jan 2021--Apr 2026,True
2024-06-01,0,68,16,44,128,Ugwunagbo,Direct monthly mapping: Jan 2021--Apr 2026,True
2024-07-01,0,122,37,81,240,Ugwunagbo,Direct monthly mapping: Jan 2021--Apr 2026,True
2024-08-01,0,147,46,109,302,Ugwunagbo,Direct monthly mapping: Jan 2021--Apr 2026,True
2024-09-01,0,156,60,139,355,Ugwunagbo,Direct monthly mapping: Jan 2021--Apr 2026,True
2024-10-01,0,298,43,249,590,Ugwunagbo,Direct monthly mapping: Jan 2021--Apr 2026,True
2024-11-01,0,442,115,384,941,Ugwunagbo,Direct monthly mapping: Jan 2021--Apr 2026,True
2024-12-01,0,492,120,444,1056,Ugwunagbo,Direct monthly mapping: Jan 2021--Apr 2026,True
2025-01-01,0,474,90,433,997,Ugwunagbo,Direct monthly mapping: Jan 2021--Apr 2026,True
2025-02-01,0,327,89,281,697,Ugwunagbo,Direct monthly mapping: Jan 2021--Apr 2026,True
2025-03-01,0,464,128,426,1018,Ugwunagbo,Direct monthly mapping: Jan 2021--Apr 2026,True
2025-04-01,0,367,89,326,782,Ugwunagbo,Direct monthly mapping: Jan 2021--Apr 2026,True
2025-05-01,0,760,194,721,1675,Ugwunagbo,Direct monthly mapping: Jan 2021--Apr 2026,True
2025-06-01,0,1316,257,1231,2804,Ugwunagbo,Direct monthly mapping: Jan 2021--Apr 2026,True
2025-07-01,0,992,279,948,2219,Ugwunagbo,Direct monthly mapping: Jan 2021--Apr 2026,True
2025-08-01,0,1366,367,1304,3037,Ugwunagbo,Direct monthly mapping: Jan 2021--Apr 2026,True
2025-09-01,0,1235,325,1171,2731,Ugwunagbo,Direct monthly mapping: Jan 2021--Apr 2026,True
2025-10-01,0,961,207,912,2080,Ugwunagbo,Direct monthly mapping: Jan 2021--Apr 2026,True
2025-11-01,0,941,205,890,2036,Ugwunagbo,Direct monthly mapping: Jan 2021--Apr 2026,True
2025-12-01,0,1331,307,1245,2883,Ugwunagbo,Direct monthly mapping: Jan 2021--Apr 2026,True
2026-01-01,0,962,249,904,2115,Ugwunagbo,Direct monthly mapping: Jan 2021--Apr 2026,True
2026-02-01,0,994,231,930,2155,Ugwunagbo,Direct monthly mapping: Jan 2021--Apr 2026,True
2026-03-01,0,1017,285,976,2278,Ugwunagbo,Direct monthly mapping: Jan 2021--Apr 2026,True
2026-04-01,0,1109,325,1081,2515,Ugwunagbo,Direct monthly mapping: Jan 2021--Apr 2026,True
2021-01-01,0,0,3,8,11,Ukwa East,Direct monthly mapping: Jan 2021--Apr 2026,True
2021-02-01,0,6,2,5,13,Ukwa East,Direct monthly mapping: Jan 2021--Apr 2026,True
2021-03-01,0,21,6,13,40,Ukwa East,Direct monthly mapping: Jan 2021--Apr 2026,True
2021-04-01,0,34,14,30,78,Ukwa East,Direct monthly mapping: Jan 2021--Apr 2026,True
2021-05-01,0,29,14,22,65,Ukwa East,Direct monthly mapping: Jan 2021--Apr 2026,True
2021-06-01,0,21,5,16,42,Ukwa East,Direct monthly mapping: Jan 2021--Apr 2026,True
2021-07-01,0,15,26,11,52,Ukwa East,Direct monthly mapping: Jan 2021--Apr 2026,True
2021-08-01,0,45,23,41,109,Ukwa East,Direct monthly mapping: Jan 2021--Apr 2026,True
2021-09-01,0,130,42,107,279,Ukwa East,Direct monthly mapping: Jan 2021--Apr 2026,True
2021-10-01,0,37,23,31,91,Ukwa East,Direct monthly mapping: Jan 2021--Apr 2026,True
2021-11-01,0,6,0,6,12,Ukwa East,Direct monthly mapping: Jan 2021--Apr 2026,True
2021-12-01,0,45,16,34,95,Ukwa East,Direct monthly mapping: Jan 2021--Apr 2026,True
2022-01-01,0,128,26,111,265,Ukwa East,Direct monthly mapping: Jan 2021--Apr 2026,True
2022-02-01,0,83,27,75,185,Ukwa East,Direct monthly mapping: Jan 2021--Apr 2026,True
2022-03-01,0,140,39,118,297,Ukwa East,Direct monthly mapping: Jan 2021--Apr 2026,True
2022-04-01,0,70,52,59,181,Ukwa East,Direct monthly mapping: Jan 2021--Apr 2026,True
2022-05-01,0,87,30,44,161,Ukwa East,Direct monthly mapping: Jan 2021--Apr 2026,True
2022-06-01,0,122,59,110,291,Ukwa East,Direct monthly mapping: Jan 2021--Apr 2026,True
2022-07-01,0,53,23,46,122,Ukwa East,Direct monthly mapping: Jan 2021--Apr 2026,True
2022-08-01,0,45,22,35,102,Ukwa East,Direct monthly mapping: Jan 2021--Apr 2026,True
2022-09-01,0,66,16,51,133,Ukwa East,Direct monthly mapping: Jan 2021--Apr 2026,True
2022-10-01,0,53,21,42,116,Ukwa East,Direct monthly mapping: Jan 2021--Apr 2026,True
2022-11-01,0,111,31,102,244,Ukwa East,Direct monthly mapping: Jan 2021--Apr 2026,True
2022-12-01,0,33,12,22,67,Ukwa East,Direct monthly mapping: Jan 2021--Apr 2026,True
2023-01-01,0,33,18,29,80,Ukwa East,Direct monthly mapping: Jan 2021--Apr 2026,True
2023-02-01,0,31,12,28,71,Ukwa East,Direct monthly mapping: Jan 2021--Apr 2026,True
2023-03-01,0,26,5,15,46,Ukwa East,Direct monthly mapping: Jan 2021--Apr 2026,True
2023-04-01,0,83,43,73,199,Ukwa East,Direct monthly mapping: Jan 2021--Apr 2026,True
2023-05-01,0,16,11,15,42,Ukwa East,Direct monthly mapping: Jan 2021--Apr 2026,True
2023-06-01,0,73,27,59,159,Ukwa East,Direct monthly mapping: Jan 2021--Apr 2026,True
2023-07-01,0,47,33,34,114,Ukwa East,Direct monthly mapping: Jan 2021--Apr 2026,True
2023-08-01,0,27,14,20,61,Ukwa East,Direct monthly mapping: Jan 2021--Apr 2026,True
2023-09-01,0,2,0,0,2,Ukwa East,Direct monthly mapping: Jan 2021--Apr 2026,True
2023-10-01,0,30,29,22,81,Ukwa East,Direct monthly mapping: Jan 2021--Apr 2026,True
2023-11-01,0,39,23,30,92,Ukwa East,Direct monthly mapping: Jan 2021--Apr 2026,True
2023-12-01,0,67,29,56,152,Ukwa East,Direct monthly mapping: Jan 2021--Apr 2026,True
2024-01-01,0,39,26,29,94,Ukwa East,Direct monthly mapping: Jan 2021--Apr 2026,True
2024-02-01,0,83,35,58,176,Ukwa East,Direct monthly mapping: Jan 2021--Apr 2026,True
2024-03-01,0,84,26,65,175,Ukwa East,Direct monthly mapping: Jan 2021--Apr 2026,True
2024-04-01,0,116,35,77,228,Ukwa East,Direct monthly mapping: Jan 2021--Apr 2026,True
2024-05-01,0,145,54,97,296,Ukwa East,Direct monthly mapping: Jan 2021--Apr 2026,True
2024-06-01,0,125,51,92,268,Ukwa East,Direct monthly mapping: Jan 2021--Apr 2026,True
2024-07-01,0,174,46,141,361,Ukwa East,Direct monthly mapping: Jan 2021--Apr 2026,True
2024-08-01,0,586,119,451,1156,Ukwa East,Direct monthly mapping: Jan 2021--Apr 2026,True
2024-09-01,0,502,93,456,1051,Ukwa East,Direct monthly mapping: Jan 2021--Apr 2026,True
2024-10-01,0,477,100,417,994,Ukwa East,Direct monthly mapping: Jan 2021--Apr 2026,True
2024-11-01,0,468,122,351,941,Ukwa East,Direct monthly mapping: Jan 2021--Apr 2026,True
2024-12-01,0,560,104,459,1123,Ukwa East,Direct monthly mapping: Jan 2021--Apr 2026,True
2025-01-01,0,549,132,506,1187,Ukwa East,Direct monthly mapping: Jan 2021--Apr 2026,True
2025-02-01,0,544,162,491,1197,Ukwa East,Direct monthly mapping: Jan 2021--Apr 2026,True
2025-03-01,0,494,104,441,1039,Ukwa East,Direct monthly mapping: Jan 2021--Apr 2026,True
2025-04-01,0,635,218,553,1406,Ukwa East,Direct monthly mapping: Jan 2021--Apr 2026,True
2025-05-01,0,737,191,649,1577,Ukwa East,Direct monthly mapping: Jan 2021--Apr 2026,True
2025-06-01,0,677,186,541,1404,Ukwa East,Direct monthly mapping: Jan 2021--Apr 2026,True
2025-07-01,0,727,175,653,1555,Ukwa East,Direct monthly mapping: Jan 2021--Apr 2026,True
2025-08-01,0,1036,311,955,2302,Ukwa East,Direct monthly mapping: Jan 2021--Apr 2026,True
2025-09-01,0,927,324,828,2079,Ukwa East,Direct monthly mapping: Jan 2021--Apr 2026,True
2025-10-01,0,1028,250,944,2222,Ukwa East,Direct monthly mapping: Jan 2021--Apr 2026,True
2025-11-01,0,811,193,732,1736,Ukwa East,Direct monthly mapping: Jan 2021--Apr 2026,True
2025-12-01,0,755,229,665,1649,Ukwa East,Direct monthly mapping: Jan 2021--Apr 2026,True
2026-01-01,0,607,227,549,1383,Ukwa East,Direct monthly mapping: Jan 2021--Apr 2026,True
2026-02-01,0,746,165,663,1574,Ukwa East,Direct monthly mapping: Jan 2021--Apr 2026,True
2026-03-01,0,694,201,634,1529,Ukwa East,Direct monthly mapping: Jan 2021--Apr 2026,True
2026-04-01,0,875,242,761,1878,Ukwa East,Direct monthly mapping: Jan 2021--Apr 2026,True
2021-01-01,0,0,29,90,119,Ukwa West,Direct monthly mapping: Jan 2021--Apr 2026,True
2021-02-01,0,55,28,30,113,Ukwa West,Direct monthly mapping: Jan 2021--Apr 2026,True
2021-03-01,0,47,27,31,105,Ukwa West,Direct monthly mapping: Jan 2021--Apr 2026,True
2021-04-01,0,68,49,52,169,Ukwa West,Direct monthly mapping: Jan 2021--Apr 2026,True
2021-05-01,0,162,40,105,307,Ukwa West,Direct monthly mapping: Jan 2021--Apr 2026,True
2021-06-01,0,31,21,23,75,Ukwa West,Direct monthly mapping: Jan 2021--Apr 2026,True
2021-07-01,0,65,49,51,165,Ukwa West,Direct monthly mapping: Jan 2021--Apr 2026,True
2021-08-01,0,47,37,40,124,Ukwa West,Direct monthly mapping: Jan 2021--Apr 2026,True
2021-09-01,0,42,20,40,102,Ukwa West,Direct monthly mapping: Jan 2021--Apr 2026,True
2021-10-01,0,123,2,13,138,Ukwa West,Direct monthly mapping: Jan 2021--Apr 2026,True
2021-11-01,0,118,15,15,148,Ukwa West,Direct monthly mapping: Jan 2021--Apr 2026,True
2021-12-01,0,163,20,53,236,Ukwa West,Direct monthly mapping: Jan 2021--Apr 2026,True
2022-01-01,0,139,29,29,197,Ukwa West,Direct monthly mapping: Jan 2021--Apr 2026,True
2022-02-01,0,18,11,15,44,Ukwa West,Direct monthly mapping: Jan 2021--Apr 2026,True
2022-03-01,0,56,24,52,132,Ukwa West,Direct monthly mapping: Jan 2021--Apr 2026,True
2022-04-01,0,125,19,20,164,Ukwa West,Direct monthly mapping: Jan 2021--Apr 2026,True
2022-05-01,0,16,13,12,41,Ukwa West,Direct monthly mapping: Jan 2021--Apr 2026,True
2022-06-01,0,27,24,25,76,Ukwa West,Direct monthly mapping: Jan 2021--Apr 2026,True
2022-07-01,0,26,13,13,52,Ukwa West,Direct monthly mapping: Jan 2021--Apr 2026,True
2022-08-01,0,19,8,6,33,Ukwa West,Direct monthly mapping: Jan 2021--Apr 2026,True
2022-09-01,0,34,31,34,99,Ukwa West,Direct monthly mapping: Jan 2021--Apr 2026,True
2022-10-01,0,15,7,9,31,Ukwa West,Direct monthly mapping: Jan 2021--Apr 2026,True
2022-11-01,0,68,46,52,166,Ukwa West,Direct monthly mapping: Jan 2021--Apr 2026,True
2022-12-01,0,77,33,33,143,Ukwa West,Direct monthly mapping: Jan 2021--Apr 2026,True
2023-01-01,0,40,13,14,67,Ukwa West,Direct monthly mapping: Jan 2021--Apr 2026,True
2023-02-01,0,140,21,17,178,Ukwa West,Direct monthly mapping: Jan 2021--Apr 2026,True
2023-03-01,0,59,25,40,124,Ukwa West,Direct monthly mapping: Jan 2021--Apr 2026,True
2023-04-01,0,33,18,29,80,Ukwa West,Direct monthly mapping: Jan 2021--Apr 2026,True
2023-05-01,0,7,4,6,17,Ukwa West,Direct monthly mapping: Jan 2021--Apr 2026,True
2023-06-01,0,50,25,29,104,Ukwa West,Direct monthly mapping: Jan 2021--Apr 2026,True
2023-07-01,0,51,22,38,111,Ukwa West,Direct monthly mapping: Jan 2021--Apr 2026,True
2023-08-01,0,74,17,40,131,Ukwa West,Direct monthly mapping: Jan 2021--Apr 2026,True
2023-09-01,0,33,22,30,85,Ukwa West,Direct monthly mapping: Jan 2021--Apr 2026,True
2023-10-01,0,50,24,46,120,Ukwa West,Direct monthly mapping: Jan 2021--Apr 2026,True
2023-11-01,0,41,21,27,89,Ukwa West,Direct monthly mapping: Jan 2021--Apr 2026,True
2023-12-01,0,82,30,20,132,Ukwa West,Direct monthly mapping: Jan 2021--Apr 2026,True
2024-01-01,0,62,33,37,132,Ukwa West,Direct monthly mapping: Jan 2021--Apr 2026,True
2024-02-01,0,63,30,41,134,Ukwa West,Direct monthly mapping: Jan 2021--Apr 2026,True
2024-03-01,0,51,61,31,143,Ukwa West,Direct monthly mapping: Jan 2021--Apr 2026,True
2024-04-01,0,56,21,28,105,Ukwa West,Direct monthly mapping: Jan 2021--Apr 2026,True
2024-05-01,0,53,26,28,107,Ukwa West,Direct monthly mapping: Jan 2021--Apr 2026,True
2024-06-01,0,77,44,57,178,Ukwa West,Direct monthly mapping: Jan 2021--Apr 2026,True
2024-07-01,0,131,57,97,285,Ukwa West,Direct monthly mapping: Jan 2021--Apr 2026,True
2024-08-01,0,204,88,108,400,Ukwa West,Direct monthly mapping: Jan 2021--Apr 2026,True
2024-09-01,0,206,90,106,402,Ukwa West,Direct monthly mapping: Jan 2021--Apr 2026,True
2024-10-01,0,283,94,158,535,Ukwa West,Direct monthly mapping: Jan 2021--Apr 2026,True
2024-11-01,0,446,107,287,840,Ukwa West,Direct monthly mapping: Jan 2021--Apr 2026,True
2024-12-01,0,177,86,130,393,Ukwa West,Direct monthly mapping: Jan 2021--Apr 2026,True
2025-01-01,0,211,75,161,447,Ukwa West,Direct monthly mapping: Jan 2021--Apr 2026,True
2025-02-01,0,273,83,166,522,Ukwa West,Direct monthly mapping: Jan 2021--Apr 2026,True
2025-03-01,0,202,115,147,464,Ukwa West,Direct monthly mapping: Jan 2021--Apr 2026,True
2025-04-01,0,373,112,295,780,Ukwa West,Direct monthly mapping: Jan 2021--Apr 2026,True
2025-05-01,0,584,198,459,1241,Ukwa West,Direct monthly mapping: Jan 2021--Apr 2026,True
2025-06-01,0,760,270,609,1639,Ukwa West,Direct monthly mapping: Jan 2021--Apr 2026,True
2025-07-01,0,994,375,874,2243,Ukwa West,Direct monthly mapping: Jan 2021--Apr 2026,True
2025-08-01,0,1139,393,1015,2547,Ukwa West,Direct monthly mapping: Jan 2021--Apr 2026,True
2025-09-01,0,1338,383,1162,2883,Ukwa West,Direct monthly mapping: Jan 2021--Apr 2026,True
2025-10-01,0,1719,315,1566,3600,Ukwa West,Direct monthly mapping: Jan 2021--Apr 2026,True
2025-11-01,0,1011,258,890,2159,Ukwa West,Direct monthly mapping: Jan 2021--Apr 2026,True
2025-12-01,0,1505,360,1352,3217,Ukwa West,Direct monthly mapping: Jan 2021--Apr 2026,True
2026-01-01,0,972,250,846,2068,Ukwa West,Direct monthly mapping: Jan 2021--Apr 2026,True
2026-02-01,0,1080,325,963,2368,Ukwa West,Direct monthly mapping: Jan 2021--Apr 2026,True
2026-03-01,0,1256,347,1109,2712,Ukwa West,Direct monthly mapping: Jan 2021--Apr 2026,True
2026-04-01,0,997,286,883,2166,Ukwa West,Direct monthly mapping: Jan 2021--Apr 2026,True
2021-01-01,0,0,318,666,984,Umuahia North,Direct monthly mapping: Jan 2021--Apr 2026,True
2021-02-01,0,988,374,723,2085,Umuahia North,Direct monthly mapping: Jan 2021--Apr 2026,True
2021-03-01,0,1062,461,717,2240,Umuahia North,Direct monthly mapping: Jan 2021--Apr 2026,True
2021-04-01,0,979,645,689,2313,Umuahia North,Direct monthly mapping: Jan 2021--Apr 2026,True
2021-05-01,0,1395,398,991,2784,Umuahia North,Direct monthly mapping: Jan 2021--Apr 2026,True
2021-06-01,0,1210,474,863,2547,Umuahia North,Direct monthly mapping: Jan 2021--Apr 2026,True
2021-07-01,0,1103,486,791,2380,Umuahia North,Direct monthly mapping: Jan 2021--Apr 2026,True
2021-08-01,0,1110,459,870,2439,Umuahia North,Direct monthly mapping: Jan 2021--Apr 2026,True
2021-09-01,0,1001,419,787,2207,Umuahia North,Direct monthly mapping: Jan 2021--Apr 2026,True
2021-10-01,0,982,386,735,2103,Umuahia North,Direct monthly mapping: Jan 2021--Apr 2026,True
2021-11-01,0,802,398,595,1795,Umuahia North,Direct monthly mapping: Jan 2021--Apr 2026,True
2021-12-01,0,860,357,604,1821,Umuahia North,Direct monthly mapping: Jan 2021--Apr 2026,True
2022-01-01,0,933,342,763,2038,Umuahia North,Direct monthly mapping: Jan 2021--Apr 2026,True
2022-02-01,0,846,480,646,1972,Umuahia North,Direct monthly mapping: Jan 2021--Apr 2026,True
2022-03-01,0,1155,377,785,2317,Umuahia North,Direct monthly mapping: Jan 2021--Apr 2026,True
2022-04-01,0,960,418,730,2108,Umuahia North,Direct monthly mapping: Jan 2021--Apr 2026,True
2022-05-01,0,881,330,634,1845,Umuahia North,Direct monthly mapping: Jan 2021--Apr 2026,True
2022-06-01,0,1301,505,859,2665,Umuahia North,Direct monthly mapping: Jan 2021--Apr 2026,True
2022-07-01,0,1097,562,770,2429,Umuahia North,Direct monthly mapping: Jan 2021--Apr 2026,True
2022-08-01,0,1003,346,710,2059,Umuahia North,Direct monthly mapping: Jan 2021--Apr 2026,True
2022-09-01,0,1159,432,850,2441,Umuahia North,Direct monthly mapping: Jan 2021--Apr 2026,True
2022-10-01,0,924,438,606,1968,Umuahia North,Direct monthly mapping: Jan 2021--Apr 2026,True
2022-11-01,0,334,107,246,687,Umuahia North,Direct monthly mapping: Jan 2021--Apr 2026,True
2022-12-01,0,460,300,345,1105,Umuahia North,Direct monthly mapping: Jan 2021--Apr 2026,True
2023-01-01,0,676,272,401,1349,Umuahia North,Direct monthly mapping: Jan 2021--Apr 2026,True
2023-02-01,0,585,300,427,1312,Umuahia North,Direct monthly mapping: Jan 2021--Apr 2026,True
2023-03-01,0,557,286,367,1210,Umuahia North,Direct monthly mapping: Jan 2021--Apr 2026,True
2023-04-01,0,728,358,490,1576,Umuahia North,Direct monthly mapping: Jan 2021--Apr 2026,True
2023-05-01,0,649,186,355,1190,Umuahia North,Direct monthly mapping: Jan 2021--Apr 2026,True
2023-06-01,0,752,353,472,1577,Umuahia North,Direct monthly mapping: Jan 2021--Apr 2026,True
2023-07-01,0,887,422,529,1838,Umuahia North,Direct monthly mapping: Jan 2021--Apr 2026,True
2023-08-01,0,91,108,86,285,Umuahia North,Direct monthly mapping: Jan 2021--Apr 2026,True
2023-09-01,0,127,102,112,341,Umuahia North,Direct monthly mapping: Jan 2021--Apr 2026,True
2023-10-01,0,120,120,106,346,Umuahia North,Direct monthly mapping: Jan 2021--Apr 2026,True
2023-11-01,0,316,217,277,810,Umuahia North,Direct monthly mapping: Jan 2021--Apr 2026,True
2023-12-01,0,228,125,157,510,Umuahia North,Direct monthly mapping: Jan 2021--Apr 2026,True
2024-01-01,0,336,138,284,758,Umuahia North,Direct monthly mapping: Jan 2021--Apr 2026,True
2024-02-01,0,862,318,825,2005,Umuahia North,Direct monthly mapping: Jan 2021--Apr 2026,True
2024-03-01,0,977,266,896,2139,Umuahia North,Direct monthly mapping: Jan 2021--Apr 2026,True
2024-04-01,0,891,324,853,2068,Umuahia North,Direct monthly mapping: Jan 2021--Apr 2026,True
2024-05-01,0,855,287,781,1923,Umuahia North,Direct monthly mapping: Jan 2021--Apr 2026,True
2024-06-01,0,1024,470,940,2434,Umuahia North,Direct monthly mapping: Jan 2021--Apr 2026,True
2024-07-01,0,1386,424,1179,2989,Umuahia North,Direct monthly mapping: Jan 2021--Apr 2026,True
2024-08-01,0,971,197,859,2027,Umuahia North,Direct monthly mapping: Jan 2021--Apr 2026,True
2024-09-01,0,1134,238,1067,2439,Umuahia North,Direct monthly mapping: Jan 2021--Apr 2026,True
2024-10-01,0,787,235,736,1758,Umuahia North,Direct monthly mapping: Jan 2021--Apr 2026,True
2024-11-01,0,1514,369,1309,3192,Umuahia North,Direct monthly mapping: Jan 2021--Apr 2026,True
2024-12-01,0,1024,207,974,2205,Umuahia North,Direct monthly mapping: Jan 2021--Apr 2026,True
2025-01-01,0,959,232,921,2112,Umuahia North,Direct monthly mapping: Jan 2021--Apr 2026,True
2025-02-01,0,823,255,749,1827,Umuahia North,Direct monthly mapping: Jan 2021--Apr 2026,True
2025-03-01,0,796,287,730,1813,Umuahia North,Direct monthly mapping: Jan 2021--Apr 2026,True
2025-04-01,0,2097,496,2065,4658,Umuahia North,Direct monthly mapping: Jan 2021--Apr 2026,True
2025-05-01,0,2621,601,2569,5791,Umuahia North,Direct monthly mapping: Jan 2021--Apr 2026,True
2025-06-01,0,12055,2685,11903,26643,Umuahia North,Direct monthly mapping: Jan 2021--Apr 2026,True
2025-07-01,0,4023,845,3963,8831,Umuahia North,Direct monthly mapping: Jan 2021--Apr 2026,True
2025-08-01,0,6911,1676,6811,15398,Umuahia North,Direct monthly mapping: Jan 2021--Apr 2026,True
2025-09-01,0,5699,1375,5654,12728,Umuahia North,Direct monthly mapping: Jan 2021--Apr 2026,True
2025-10-01,0,3185,1031,3100,7316,Umuahia North,Direct monthly mapping: Jan 2021--Apr 2026,True
2025-11-01,0,2766,625,2704,6095,Umuahia North,Direct monthly mapping: Jan 2021--Apr 2026,True
2025-12-01,0,2147,578,2097,4822,Umuahia North,Direct monthly mapping: Jan 2021--Apr 2026,True
2026-01-01,0,2042,729,1997,4768,Umuahia North,Direct monthly mapping: Jan 2021--Apr 2026,True
2026-02-01,0,1451,470,1428,3349,Umuahia North,Direct monthly mapping: Jan 2021--Apr 2026,True
2026-03-01,0,1991,702,1939,4632,Umuahia North,Direct monthly mapping: Jan 2021--Apr 2026,True
2026-04-01,0,1866,521,1811,4198,Umuahia North,Direct monthly mapping: Jan 2021--Apr 2026,True
2021-01-01,0,0,11,24,35,Umuahia South,Direct monthly mapping: Jan 2021--Apr 2026,True
2021-02-01,0,45,18,33,96,Umuahia South,Direct monthly mapping: Jan 2021--Apr 2026,True
2021-03-01,0,86,25,46,157,Umuahia South,Direct monthly mapping: Jan 2021--Apr 2026,True
2021-04-01,0,47,35,35,117,Umuahia South,Direct monthly mapping: Jan 2021--Apr 2026,True
2021-05-01,0,58,27,36,121,Umuahia South,Direct monthly mapping: Jan 2021--Apr 2026,True
2021-06-01,0,68,12,37,117,Umuahia South,Direct monthly mapping: Jan 2021--Apr 2026,True
2021-07-01,0,109,50,85,244,Umuahia South,Direct monthly mapping: Jan 2021--Apr 2026,True
2021-08-01,0,42,12,31,85,Umuahia South,Direct monthly mapping: Jan 2021--Apr 2026,True
2021-09-01,0,134,35,108,277,Umuahia South,Direct monthly mapping: Jan 2021--Apr 2026,True
2021-10-01,0,107,59,89,255,Umuahia South,Direct monthly mapping: Jan 2021--Apr 2026,True
2021-11-01,0,80,44,68,192,Umuahia South,Direct monthly mapping: Jan 2021--Apr 2026,True
2021-12-01,0,78,36,67,181,Umuahia South,Direct monthly mapping: Jan 2021--Apr 2026,True
2022-01-01,0,63,20,52,135,Umuahia South,Direct monthly mapping: Jan 2021--Apr 2026,True
2022-02-01,0,71,38,59,168,Umuahia South,Direct monthly mapping: Jan 2021--Apr 2026,True
2022-03-01,0,71,53,54,178,Umuahia South,Direct monthly mapping: Jan 2021--Apr 2026,True
2022-04-01,0,80,32,58,170,Umuahia South,Direct monthly mapping: Jan 2021--Apr 2026,True
2022-05-01,0,89,37,50,176,Umuahia South,Direct monthly mapping: Jan 2021--Apr 2026,True
2022-06-01,0,139,61,114,314,Umuahia South,Direct monthly mapping: Jan 2021--Apr 2026,True
2022-07-01,0,123,68,85,276,Umuahia South,Direct monthly mapping: Jan 2021--Apr 2026,True
2022-08-01,0,164,56,107,327,Umuahia South,Direct monthly mapping: Jan 2021--Apr 2026,True
2022-09-01,0,127,72,99,298,Umuahia South,Direct monthly mapping: Jan 2021--Apr 2026,True
2022-10-01,0,125,85,97,307,Umuahia South,Direct monthly mapping: Jan 2021--Apr 2026,True
2022-11-01,0,114,70,87,271,Umuahia South,Direct monthly mapping: Jan 2021--Apr 2026,True
2022-12-01,0,109,42,82,233,Umuahia South,Direct monthly mapping: Jan 2021--Apr 2026,True
2023-01-01,0,87,39,55,181,Umuahia South,Direct monthly mapping: Jan 2021--Apr 2026,True
2023-02-01,0,80,43,48,171,Umuahia South,Direct monthly mapping: Jan 2021--Apr 2026,True
2023-03-01,0,68,55,53,176,Umuahia South,Direct monthly mapping: Jan 2021--Apr 2026,True
2023-04-01,0,107,52,75,234,Umuahia South,Direct monthly mapping: Jan 2021--Apr 2026,True
2023-05-01,0,58,17,42,117,Umuahia South,Direct monthly mapping: Jan 2021--Apr 2026,True
2023-06-01,0,138,37,108,283,Umuahia South,Direct monthly mapping: Jan 2021--Apr 2026,True
2023-07-01,0,142,67,88,297,Umuahia South,Direct monthly mapping: Jan 2021--Apr 2026,True
2023-08-01,0,157,90,122,369,Umuahia South,Direct monthly mapping: Jan 2021--Apr 2026,True
2023-09-01,0,173,56,111,340,Umuahia South,Direct monthly mapping: Jan 2021--Apr 2026,True
2023-10-01,0,123,68,82,273,Umuahia South,Direct monthly mapping: Jan 2021--Apr 2026,True
2023-11-01,0,137,64,97,298,Umuahia South,Direct monthly mapping: Jan 2021--Apr 2026,True
2023-12-01,0,132,57,89,278,Umuahia South,Direct monthly mapping: Jan 2021--Apr 2026,True
2024-01-01,0,152,68,105,325,Umuahia South,Direct monthly mapping: Jan 2021--Apr 2026,True
2024-02-01,0,167,71,130,368,Umuahia South,Direct monthly mapping: Jan 2021--Apr 2026,True
2024-03-01,0,114,84,82,280,Umuahia South,Direct monthly mapping: Jan 2021--Apr 2026,True
2024-04-01,0,135,70,113,318,Umuahia South,Direct monthly mapping: Jan 2021--Apr 2026,True
2024-05-01,0,145,59,113,317,Umuahia South,Direct monthly mapping: Jan 2021--Apr 2026,True
2024-06-01,0,529,135,479,1143,Umuahia South,Direct monthly mapping: Jan 2021--Apr 2026,True
2024-07-01,0,692,163,650,1505,Umuahia South,Direct monthly mapping: Jan 2021--Apr 2026,True
2024-08-01,0,826,146,780,1752,Umuahia South,Direct monthly mapping: Jan 2021--Apr 2026,True
2024-09-01,0,669,152,631,1452,Umuahia South,Direct monthly mapping: Jan 2021--Apr 2026,True
2024-10-01,0,518,135,483,1136,Umuahia South,Direct monthly mapping: Jan 2021--Apr 2026,True
2024-11-01,0,1081,216,1033,2330,Umuahia South,Direct monthly mapping: Jan 2021--Apr 2026,True
2024-12-01,0,1097,201,1058,2356,Umuahia South,Direct monthly mapping: Jan 2021--Apr 2026,True
2025-01-01,0,572,184,538,1294,Umuahia South,Direct monthly mapping: Jan 2021--Apr 2026,True
2025-02-01,0,523,168,504,1195,Umuahia South,Direct monthly mapping: Jan 2021--Apr 2026,True
2025-03-01,0,417,130,396,943,Umuahia South,Direct monthly mapping: Jan 2021--Apr 2026,True
2025-04-01,0,882,196,853,1931,Umuahia South,Direct monthly mapping: Jan 2021--Apr 2026,True
2025-05-01,0,4542,809,4489,9840,Umuahia South,Direct monthly mapping: Jan 2021--Apr 2026,True
2025-06-01,0,16597,2958,16396,35951,Umuahia South,Direct monthly mapping: Jan 2021--Apr 2026,True
2025-07-01,0,4088,864,4018,8970,Umuahia South,Direct monthly mapping: Jan 2021--Apr 2026,True
2025-08-01,0,5119,1042,5022,11183,Umuahia South,Direct monthly mapping: Jan 2021--Apr 2026,True
2025-09-01,0,5199,1056,5134,11389,Umuahia South,Direct monthly mapping: Jan 2021--Apr 2026,True
2025-10-01,0,6298,1285,6199,13782,Umuahia South,Direct monthly mapping: Jan 2021--Apr 2026,True
2025-11-01,0,6241,1258,6116,13615,Umuahia South,Direct monthly mapping: Jan 2021--Apr 2026,True
2025-12-01,0,7102,1549,6990,15641,Umuahia South,Direct monthly mapping: Jan 2021--Apr 2026,True
2026-01-01,0,2274,589,2224,5087,Umuahia South,Direct monthly mapping: Jan 2021--Apr 2026,True
2026-02-01,0,2486,818,2392,5696,Umuahia South,Direct monthly mapping: Jan 2021--Apr 2026,True
2026-03-01,0,2714,919,2612,6245,Umuahia South,Direct monthly mapping: Jan 2021--Apr 2026,True
2026-04-01,0,2581,801,2506,5888,Umuahia South,Direct monthly mapping: Jan 2021--Apr 2026,True
2021-01-01,0,0,7,8,15,Umu Neochi,Direct monthly mapping: Jan 2021--Apr 2026,True
2021-02-01,0,31,3,19,53,Umu Neochi,Direct monthly mapping: Jan 2021--Apr 2026,True
2021-03-01,0,18,7,10,35,Umu Neochi,Direct monthly mapping: Jan 2021--Apr 2026,True
2021-04-01,0,60,20,50,130,Umu Neochi,Direct monthly mapping: Jan 2021--Apr 2026,True
2021-05-01,0,55,20,49,124,Umu Neochi,Direct monthly mapping: Jan 2021--Apr 2026,True
2021-06-01,0,87,32,76,195,Umu Neochi,Direct monthly mapping: Jan 2021--Apr 2026,True
2021-07-01,0,106,49,83,238,Umu Neochi,Direct monthly mapping: Jan 2021--Apr 2026,True
2021-08-01,0,116,45,98,259,Umu Neochi,Direct monthly mapping: Jan 2021--Apr 2026,True
2021-09-01,0,123,25,90,238,Umu Neochi,Direct monthly mapping: Jan 2021--Apr 2026,True
2021-10-01,0,58,16,44,118,Umu Neochi,Direct monthly mapping: Jan 2021--Apr 2026,True
2021-11-01,0,89,31,68,188,Umu Neochi,Direct monthly mapping: Jan 2021--Apr 2026,True
2021-12-01,0,50,20,37,107,Umu Neochi,Direct monthly mapping: Jan 2021--Apr 2026,True
2022-01-01,0,61,22,50,133,Umu Neochi,Direct monthly mapping: Jan 2021--Apr 2026,True
2022-02-01,0,54,20,32,106,Umu Neochi,Direct monthly mapping: Jan 2021--Apr 2026,True
2022-03-01,0,33,28,24,85,Umu Neochi,Direct monthly mapping: Jan 2021--Apr 2026,True
2022-04-01,0,52,24,35,111,Umu Neochi,Direct monthly mapping: Jan 2021--Apr 2026,True
2022-05-01,0,103,32,88,223,Umu Neochi,Direct monthly mapping: Jan 2021--Apr 2026,True
2022-06-01,0,99,46,79,224,Umu Neochi,Direct monthly mapping: Jan 2021--Apr 2026,True
2022-07-01,0,156,61,124,341,Umu Neochi,Direct monthly mapping: Jan 2021--Apr 2026,True
2022-08-01,0,104,35,84,223,Umu Neochi,Direct monthly mapping: Jan 2021--Apr 2026,True
2022-09-01,0,88,18,56,162,Umu Neochi,Direct monthly mapping: Jan 2021--Apr 2026,True
2022-10-01,0,72,23,66,161,Umu Neochi,Direct monthly mapping: Jan 2021--Apr 2026,True
2022-11-01,0,65,38,50,153,Umu Neochi,Direct monthly mapping: Jan 2021--Apr 2026,True
2022-12-01,0,91,27,74,192,Umu Neochi,Direct monthly mapping: Jan 2021--Apr 2026,True
2023-01-01,0,90,21,50,161,Umu Neochi,Direct monthly mapping: Jan 2021--Apr 2026,True
2023-02-01,0,80,29,56,165,Umu Neochi,Direct monthly mapping: Jan 2021--Apr 2026,True
2023-03-01,0,77,32,51,160,Umu Neochi,Direct monthly mapping: Jan 2021--Apr 2026,True
2023-04-01,0,84,36,62,182,Umu Neochi,Direct monthly mapping: Jan 2021--Apr 2026,True
2023-05-01,0,2,1,1,4,Umu Neochi,Direct monthly mapping: Jan 2021--Apr 2026,True
2023-06-01,0,101,37,69,207,Umu Neochi,Direct monthly mapping: Jan 2021--Apr 2026,True
2023-07-01,0,117,29,95,241,Umu Neochi,Direct monthly mapping: Jan 2021--Apr 2026,True
2023-08-01,0,115,94,77,286,Umu Neochi,Direct monthly mapping: Jan 2021--Apr 2026,True
2023-09-01,0,109,58,73,240,Umu Neochi,Direct monthly mapping: Jan 2021--Apr 2026,True
2023-10-01,0,135,48,100,283,Umu Neochi,Direct monthly mapping: Jan 2021--Apr 2026,True
2023-11-01,0,53,24,33,110,Umu Neochi,Direct monthly mapping: Jan 2021--Apr 2026,True
2023-12-01,0,112,36,92,240,Umu Neochi,Direct monthly mapping: Jan 2021--Apr 2026,True
2024-01-01,0,160,48,108,316,Umu Neochi,Direct monthly mapping: Jan 2021--Apr 2026,True
2024-02-01,0,155,41,112,308,Umu Neochi,Direct monthly mapping: Jan 2021--Apr 2026,True
2024-03-01,0,176,35,105,316,Umu Neochi,Direct monthly mapping: Jan 2021--Apr 2026,True
2024-04-01,0,106,23,85,214,Umu Neochi,Direct monthly mapping: Jan 2021--Apr 2026,True
2024-05-01,0,191,57,155,403,Umu Neochi,Direct monthly mapping: Jan 2021--Apr 2026,True
2024-06-01,0,288,74,215,577,Umu Neochi,Direct monthly mapping: Jan 2021--Apr 2026,True
2024-07-01,0,340,80,282,702,Umu Neochi,Direct monthly mapping: Jan 2021--Apr 2026,True
2024-08-01,0,1352,241,1197,2790,Umu Neochi,Direct monthly mapping: Jan 2021--Apr 2026,True
2024-09-01,0,3160,632,2986,6778,Umu Neochi,Direct monthly mapping: Jan 2021--Apr 2026,True
2024-10-01,0,3761,613,3601,7975,Umu Neochi,Direct monthly mapping: Jan 2021--Apr 2026,True
2024-11-01,0,3956,781,3790,8527,Umu Neochi,Direct monthly mapping: Jan 2021--Apr 2026,True
2024-12-01,0,3222,680,2866,6768,Umu Neochi,Direct monthly mapping: Jan 2021--Apr 2026,True
2025-01-01,0,2159,571,2061,4791,Umu Neochi,Direct monthly mapping: Jan 2021--Apr 2026,True
2025-02-01,0,2448,576,2330,5354,Umu Neochi,Direct monthly mapping: Jan 2021--Apr 2026,True
2025-03-01,0,2891,582,2742,6215,Umu Neochi,Direct monthly mapping: Jan 2021--Apr 2026,True
2025-04-01,0,3353,777,3215,7345,Umu Neochi,Direct monthly mapping: Jan 2021--Apr 2026,True
2025-05-01,0,3325,644,3172,7141,Umu Neochi,Direct monthly mapping: Jan 2021--Apr 2026,True
2025-06-01,0,24442,3584,23207,51233,Umu Neochi,Direct monthly mapping: Jan 2021--Apr 2026,True
2025-07-01,0,8916,1729,8503,19148,Umu Neochi,Direct monthly mapping: Jan 2021--Apr 2026,True
2025-08-01,0,7358,1447,7019,15824,Umu Neochi,Direct monthly mapping: Jan 2021--Apr 2026,True
2025-09-01,0,5704,1188,5397,12289,Umu Neochi,Direct monthly mapping: Jan 2021--Apr 2026,True
2025-10-01,0,4918,1553,4657,11128,Umu Neochi,Direct monthly mapping: Jan 2021--Apr 2026,True
2025-11-01,0,3569,1448,3330,8347,Umu Neochi,Direct monthly mapping: Jan 2021--Apr 2026,True
2025-12-01,0,5437,2060,5044,12541,Umu Neochi,Direct monthly mapping: Jan 2021--Apr 2026,True
2026-01-01,0,4040,1048,3784,8872,Umu Neochi,Direct monthly mapping: Jan 2021--Apr 2026,True
2026-02-01,0,3191,896,2882,6969,Umu Neochi,Direct monthly mapping: Jan 2021--Apr 2026,True
2026-03-01,0,2966,980,2754,6700,Umu Neochi,Direct monthly mapping: Jan 2021--Apr 2026,True
2026-04-01,0,3284,1008,2966,7258,Umu Neochi,Direct monthly mapping: Jan 2021--Apr 2026,True
